0_Absolute energy,0_Average power,0_ECDF Percentile Count_0,0_ECDF Percentile Count_1,0_ECDF Percentile_0,0_ECDF Percentile_1,0_ECDF_0,0_ECDF_1,0_ECDF_2,0_ECDF_3,0_ECDF_4,0_ECDF_5,0_ECDF_6,0_ECDF_7,0_ECDF_8,0_ECDF_9,0_Entropy,0_Histogram mode,0_Interquartile range,0_Kurtosis,0_Max,0_Mean,0_Mean absolute deviation,0_Median,0_Median absolute deviation,0_Min,0_Peak to peak distance,0_Root mean square,0_Skewness,0_Standard deviation,0_Variance,mfcc_mean_1,mfcc_mean_2,mfcc_mean_3,mfcc_mean_4,mfcc_mean_5,mfcc_mean_6,mfcc_mean_7,mfcc_mean_8,mfcc_mean_9,mfcc_mean_10,mfcc_mean_11,mfcc_mean_12,mfcc_mean_13,mfcc_std_1,mfcc_std_2,mfcc_std_3,mfcc_std_4,mfcc_std_5,mfcc_std_6,mfcc_std_7,mfcc_std_8,mfcc_std_9,mfcc_std_10,mfcc_std_11,mfcc_std_12,mfcc_std_13,mfcc_delta_mean_1,mfcc_delta_mean_2,mfcc_delta_mean_3,mfcc_delta_mean_4,mfcc_delta_mean_5,mfcc_delta_mean_6,mfcc_delta_mean_7,mfcc_delta_mean_8,mfcc_delta_mean_9,mfcc_delta_mean_10,mfcc_delta_mean_11,mfcc_delta_mean_12,mfcc_delta_mean_13,label,filename
907.7424738668169,299.71480182977507,9692.0,38768.0,-0.09848801046609879,0.09708085656166077,2.0635575732562937e-05,4.1271151465125874e-05,6.190672719768881e-05,8.254230293025175e-05,0.0001031778786628147,0.00012381345439537762,0.00014444903012794056,0.0001650846058605035,0.00018572018159306643,0.0002063557573256294,0.9999337095096602,-0.05080007314682006,0.1537003144621849,2.5940306928990218,1.0,-0.00014925689955587527,0.10108636107189259,-0.0012914918479509652,0.07685918733477592,-0.9105455875396729,1.9105455875396729,0.1368641244634354,0.041558763912773244,0.13686404307750324,0.018731766287520667,-2.1893506050109863,12.123353958129883,-4.091775894165039,-1.588591456413269,-2.086801290512085,4.711644172668457,-3.405550956726074,-0.885957658290863,-3.2559289932250977,5.3427653312683105,1.1831440925598145,1.8471287488937378,-5.744062423706055,19.68270492553711,12.307868003845215,8.430745124816895,7.848875045776367,3.3503761291503906,3.10304594039917,4.018571376800537,4.619019508361816,3.77150559425354,6.153316020965576,5.73617696762085,3.1779253482818604,5.409797191619873,0.12525951862335205,0.05469704791903496,-0.0006426942418329418,-0.00813216995447874,0.031804826110601425,0.03630225732922554,0.08643969148397446,-0.0104822413995862,-0.05465540662407875,-0.004477150272578001,0.015259558334946632,0.007502617314457893,0.050287071615457535,0,buka1.wav
359.4980482995985,660.9179332176924,1740.0,6963.0,-0.10570668429136276,0.11457280814647675,0.00011488970588235294,0.00022977941176470588,0.00034466911764705885,0.00045955882352941176,0.0005744485294117647,0.0006893382352941177,0.0008042279411764705,0.0009191176470588235,0.0010340073529411765,0.0011488970588235295,0.9744668966588982,-0.013920655846595853,0.14729255810379982,1.8790176561391299,0.7928715348243713,-0.00015842334599263345,0.1334936059034526,0.0,0.07344121858477592,-1.0,1.7928715348243713,0.20323047270136627,-0.25410215223548727,0.20323041095383396,0.04130259993646423,-172.13540649414062,151.731689453125,-12.136467933654785,4.109479904174805,-9.265087127685547,8.269872665405273,3.85213303565979,-12.896127700805664,-1.1870864629745483,6.0120391845703125,7.7839226722717285,4.376827239990234,-10.416292190551758,116.28197479248047,27.41911506652832,37.71881103515625,7.462264537811279,11.349902153015137,16.74201202392578,11.303045272827148,14.687435150146484,9.68407917022705,13.793343544006348,12.267035484313965,8.175076484680176,7.32514762878418,0.7364171147346497,-2.715332508087158,-4.778716564178467,-0.17411918938159943,0.6076209545135498,2.910957098007202,-0.3727470934391022,-0.32523244619369507,0.9134949445724487,1.5082497596740723,1.5084660053253174,0.255730003118515,0.40463787317276,0,buka10.wav
233.35261100138405,317.0821041207766,2355.0,9420.0,-0.06475383043289185,0.06311174482107162,8.491847826086956e-05,0.00016983695652173913,0.0002547554347826087,0.00033967391304347825,0.0004245923913043478,0.0005095108695652174,0.000594429347826087,0.0006793478260869565,0.0007642663043478261,0.0008491847826086956,0.9999999999999998,-0.08099215030670165,0.08733521588146687,8.701592351477265,1.0,-4.2583649503293564e-05,0.0840002114906587,0.00026034523034468293,0.04364974383497611,-0.9654402732849121,1.965440273284912,0.1407691323566292,-0.18672527842371442,0.14076912591570276,0.019815946811070975,-210.1229248046875,123.3359375,-41.22097396850586,-23.744497299194336,-14.782730102539062,5.265060901641846,-9.153853416442871,-19.074480056762695,2.511781930923462,0.8813796043395996,-2.6603071689605713,-3.2609453201293945,-15.294306755065918,108.21963500976562,33.96562576293945,58.2657470703125,15.78994083404541,16.592409133911133,16.76703453063965,13.88032341003418,7.259706497192383,10.128649711608887,5.609231472015381,6.86903715133667,10.106183052062988,6.982827663421631,2.860051155090332,-2.554184675216675,-4.847845554351807,0.4558626711368561,1.8155113458633423,1.8515410423278809,1.3581500053405762,-0.4897794723510742,0.04237683489918709,0.08465898036956787,0.7781165242195129,0.812171459197998,0.39890217781066895,0,buka100.wav
114.93718643314315,143.6827082530112,2560.0,10240.0,-0.021943043917417526,0.023138858377933502,7.8125e-05,0.00015625,0.000234375,0.0003125,0.000390625,0.00046875,0.000546875,0.000625,0.000703125,0.00078125,0.9999770959180709,-0.018739625811576843,0.029237175127491355,22.035904885478065,0.7841097712516785,-0.00013103921118573503,0.042527086418854804,-0.0003025544574484229,0.014640730689279735,-1.0,1.7841097712516785,0.0947600532402199,-0.7261166481998567,0.0947599626362022,0.00897945051881444,-311.1486511230469,148.43479919433594,-19.96934700012207,8.786474227905273,1.1501575708389282,-0.03553606942296028,-0.792920708656311,2.526878833770752,-5.815401077270508,0.22759976983070374,-1.150791883468628,-3.768681526184082,-9.994996070861816,114.55844116210938,22.58115577697754,45.25148010253906,17.02239227294922,8.37876033782959,7.382763385772705,11.790915489196777,9.374780654907227,5.268044471740723,12.464902877807617,6.514682769775391,5.312729358673096,9.173446655273438,5.344534873962402,-1.4091663360595703,-3.3178012371063232,-1.1586544513702393,0.13737310469150543,0.8603324890136719,0.010447373613715172,1.3100552558898926,0.4387161135673523,0.7217012047767639,0.017202267423272133,-0.3334409296512604,-1.066596508026123,0,buka11.wav
1793.2375314530866,734.143608393874,7816.0,31266.0,-0.1444617360830307,0.15330983698368073,2.5586572166926795e-05,5.117314433385359e-05,7.67597165007804e-05,0.00010234628866770718,0.00012793286083463397,0.0001535194330015608,0.00017910600516848758,0.00020469257733541436,0.00023027914950234118,0.00025586572166926794,0.9998792046501567,0.06598190367221823,0.21503999829292297,1.4492938450428356,0.9381489157676697,-0.0001724154721979517,0.15292432729104452,0.0002973965310957283,0.10763719762326218,-1.0,1.9381489157676697,0.21420271125960583,-0.18278124599438605,0.21420264186949473,0.04588277178387101,-159.21615600585938,146.49754333496094,-5.280375957489014,7.536733627319336,-6.303937911987305,7.6243486404418945,-2.422119140625,-11.215343475341797,-0.8326704502105713,8.414734840393066,1.4140629768371582,2.4227242469787598,-13.144762992858887,89.97947692871094,24.513654708862305,30.111631393432617,14.241443634033203,13.183002471923828,9.584489822387695,9.184855461120605,11.137907028198242,9.274917602539062,14.551656723022461,9.566987037658691,9.524941444396973,8.606117248535156,-0.27202466130256653,0.1624884307384491,0.12680338323116302,0.1091320738196373,-0.062841035425663,-0.017679670825600624,-0.07482390105724335,-0.11450866609811783,-0.04823062941431999,-0.028216445818543434,0.0807521641254425,-0.01681775040924549,0.16140156984329224,0,buka12.wav
1122.841894884068,358.0562096291996,10035.0,40140.0,-0.12327543646097183,0.12291514873504639,1.992984693877551e-05,3.985969387755102e-05,5.978954081632653e-05,7.971938775510203e-05,9.964923469387755e-05,0.00011957908163265306,0.00013950892857142856,0.00015943877551020407,0.0001793686224489796,0.0001992984693877551,0.9999412878645624,-0.001086220145225525,0.1966359131038189,0.3872883486384411,0.8162068724632263,-0.001028046410280106,0.11813236420914411,-0.0012111497344449162,0.09839379985351115,-1.0,1.8162068724632263,0.14959300485478638,-0.03721006841413253,0.14958947229689143,0.022377010222062448,29.413488388061523,7.8862175941467285,2.3775622844696045,4.307486057281494,-1.282305121421814,1.9370362758636475,-3.0418291091918945,1.186058521270752,-2.3579726219177246,3.779571533203125,-2.6114284992218018,1.1773388385772705,-3.290630578994751,9.900513648986816,7.280661582946777,5.408886909484863,5.684870719909668,3.5987324714660645,2.327890634536743,3.0452423095703125,3.1740007400512695,3.713163375854492,4.535298824310303,3.7646238803863525,3.797823429107666,4.087211608886719,0.002198108471930027,-0.05265609174966812,-0.06735062599182129,-0.04609040915966034,0.022407127544283867,0.005434033460915089,-0.06382843852043152,-0.061944857239723206,0.0521070659160614,0.0570833645761013,0.022093607112765312,0.03145695850253105,0.10012281686067581,0,buka13.wav
1575.6513782396414,334.99996082432085,15051.0,60204.0,-0.10321743041276932,0.10265711694955826,1.3287977038375677e-05,2.6575954076751355e-05,3.986393111512703e-05,5.315190815350271e-05,6.64398851918784e-05,7.972786223025406e-05,9.301583926862975e-05,0.00010630381630700542,0.0001195917933453811,0.0001328797703837568,0.9999163324751291,0.08140642344951621,0.16349819116294384,2.342336607367887,0.9661934971809387,-4.844807135927684e-05,0.10712370630893381,-0.0007265129534061998,0.08175494149327278,-1.0,1.9661934971809387,0.1446969914494885,-0.00026483097493961317,0.14469698333869205,0.020937216987317722,3.827033042907715,12.550692558288574,-2.513533353805542,-1.4579280614852905,-3.9260752201080322,3.5742194652557373,-3.240565776824951,0.22974815964698792,-2.3999862670898438,5.173189163208008,-0.12659376859664917,1.9710959196090698,-4.835626125335693,19.196741104125977,14.205890655517578,7.421699523925781,9.733098030090332,4.978512763977051,3.015068769454956,3.851994752883911,4.950566291809082,2.6946005821228027,6.211069107055664,5.740511417388916,3.1257219314575195,3.9049172401428223,0.03689435124397278,-0.07938271015882492,-0.05375237017869949,-0.00021272127924021333,-0.019206659868359566,-0.012755779549479485,0.027518833056092262,-0.02702702023088932,-0.030771790072321892,-0.029666922986507416,-0.015842929482460022,0.009390240535140038,0.02796892635524273,0,buka14.wav
607.4390524230437,292.0467814167703,6656.0,26624.0,-0.06525819003582001,0.061363644897937775,3.0048076923076925e-05,6.009615384615385e-05,9.014423076923077e-05,0.0001201923076923077,0.00015024038461538462,0.00018028846153846155,0.00021033653846153847,0.0002403846153846154,0.0002704326923076923,0.00030048076923076925,0.999944974331227,0.008350303769111722,0.0766829987987876,6.262219966887102,0.8333641886711121,-8.993327652544883e-05,0.07962045130596364,-2.293144916620804e-05,0.038329034618982405,-1.0,1.833364188671112,0.13510135222598096,-0.03548669448951764,0.13510132229291597,0.01825236728529435,-226.7921142578125,114.71952819824219,-28.68096160888672,7.172374248504639,-7.896701812744141,8.442520141601562,-0.4955171048641205,-6.2819013595581055,-4.416149616241455,8.211845397949219,2.4299025535583496,3.0994057655334473,-15.736664772033691,165.3720703125,33.53080749511719,38.58958435058594,11.622075080871582,12.421978950500488,7.409833908081055,12.40687084197998,5.222301959991455,5.39573860168457,11.54753303527832,6.925038814544678,4.849339008331299,16.60830307006836,-0.8258472681045532,-0.14900316298007965,-0.4612196683883667,-0.3551304340362549,-0.019117960706353188,0.22461742162704468,0.21552452445030212,0.03657238557934761,0.22546684741973877,0.27082696557044983,0.201859712600708,-0.006375088822096586,-0.27153754234313965,0,buka15.wav
1702.5581229626193,526.1406077721276,10355.0,41420.0,-0.1459268033504486,0.145388662815094,1.9313967861557477e-05,3.8627935723114953e-05,5.794190358467244e-05,7.725587144622991e-05,9.656983930778739e-05,0.00011588380716934487,0.00013519777503090234,0.00015451174289245981,0.0001738257107540173,0.00019313967861557478,0.9999309334301444,0.09176636636257163,0.2326399590820074,0.6859466733398478,0.9850297570228577,-0.0005217678795662395,0.1416042801848106,-0.0003191770811099559,0.1163011209864635,-1.0,1.9850297570228577,0.18133712490643952,-0.017463144044378473,0.18133637425407376,0.032882880627613506,42.868019104003906,5.706912040710449,-5.479208946228027,-1.221764326095581,-3.4023683071136475,3.0238564014434814,-2.8643572330474854,2.4290902614593506,-0.6032662391662598,4.775867462158203,-2.719595432281494,-0.550849974155426,-3.502936363220215,12.47653579711914,6.863458633422852,6.803164958953857,6.157372951507568,3.6245200634002686,4.083430767059326,4.890796184539795,2.9860377311706543,3.935807704925537,3.5447444915771484,3.0490736961364746,4.379921913146973,3.249295473098755,-0.025878487154841423,0.0026485235430300236,0.11574579775333405,0.012279889546334743,-0.007014833390712738,-0.04285779595375061,-0.045839693397283554,0.016601746901869774,0.010754900984466076,-0.01718853786587715,-0.03259284794330597,-0.0019988371059298515,0.01735854707658291,0,buka16.wav
216.36239297194592,83.81875227115893,8260.0,33041.0,-0.021574748679995537,0.020941300317645073,2.4211902571304055e-05,4.842380514260811e-05,7.263570771391216e-05,9.684761028521622e-05,0.00012105951285652027,0.00014527141542782431,0.00016948331799912836,0.00019369522057043244,0.00021790712314173649,0.00024211902571304053,0.9999715784266564,0.04734038412570951,0.03287898423150182,13.603429407187669,0.6112928986549377,-0.0006227990540144908,0.037779960389359504,-0.00033516198163852096,0.016436337085906416,-1.0,1.6112928986549377,0.07237779479046702,-0.5636978413220072,0.0723751151990052,0.0052381573000692735,-151.81405639648438,20.158601760864258,-1.238525152206421,0.4787542521953583,-2.788292169570923,2.8928720951080322,-3.2932701110839844,-0.9628370404243469,-3.529766321182251,5.081821918487549,-1.3974342346191406,0.24797265231609344,-4.794709205627441,40.4759407043457,30.231643676757812,13.945417404174805,10.669353485107422,5.085398197174072,4.422219276428223,4.710842132568359,8.578200340270996,5.364950656890869,8.145700454711914,7.772824287414551,4.378418922424316,5.712984085083008,-0.9971880316734314,-0.8676527142524719,-0.17583316564559937,0.03033946454524994,-0.02333381213247776,-0.015097367577254772,0.009897982701659203,-0.07215934991836548,-0.1752365231513977,-0.03987637162208557,0.018582895398139954,0.05070139467716217,-0.05657215043902397,0,buka17.wav
594.04798706428,245.30965242937285,7749.0,30997.0,-0.05484682321548462,0.05416877567768097,2.5808449686427338e-05,5.1616899372854675e-05,7.7425349059282e-05,0.00010323379874570935,0.00012904224843213668,0.000154850698118564,0.00018065914780499134,0.0002064675974914187,0.00023227604717784603,0.00025808449686427336,0.999979680781972,0.004855099320411671,0.08015193417668343,4.798573853794186,1.0,-2.614778486162928e-05,0.07798558616394805,-0.00046008502249605954,0.04008501072530635,-0.8093543648719788,1.8093543648719788,0.12382026322646834,-0.04479883220108491,0.12382026046558477,0.015331456901765255,-80.359619140625,28.174158096313477,-5.628756999969482,-3.6868748664855957,-4.483092784881592,3.202598810195923,-3.971545934677124,-0.550407886505127,-0.9161791801452637,7.747908592224121,1.9989372491836548,0.5759329795837402,-7.386041164398193,41.30416488647461,25.763959884643555,15.485713005065918,12.54027271270752,6.471928119659424,3.611295461654663,6.077946662902832,3.796048641204834,4.484931468963623,6.927741050720215,7.324087619781494,3.515620708465576,6.792008876800537,0.12642133235931396,-0.024732671678066254,-0.019073477014899254,-0.029974469915032387,-0.060170769691467285,0.05713300779461861,0.08130103349685669,0.06014718487858772,0.03709465637803078,-0.03880927339196205,-0.08959691971540451,9.497097926214337e-05,0.04895968735218048,0,buka18.wav
193.96047981164853,319.0467438045005,1945.0,7782.0,-0.06468634307384491,0.06249464303255081,0.00010279605263157894,0.00020559210526315788,0.0003083881578947368,0.00041118421052631577,0.0005139802631578947,0.0006167763157894736,0.0007195723684210526,0.0008223684210526315,0.0009251644736842105,0.0010279605263157894,1.0000000000000002,0.0318016052246094,0.09048619400709867,9.182097159819168,1.0,-8.375270291450856e-05,0.08453369265246502,0.00041407627577427775,0.04528653716261033,-0.7603607177734375,1.7603607177734375,0.1412032991511336,0.46171759158212894,0.14120327431277674,0.01993836467664928,-203.8763427734375,122.73670959472656,-49.27540588378906,-26.07339096069336,-15.791616439819336,4.300005912780762,-8.466337203979492,-19.792007446289062,0.23473235964775085,3.6783950328826904,-2.3225157260894775,-3.8382999897003174,-18.099014282226562,96.55216217041016,33.95595169067383,55.70335388183594,15.522455215454102,14.713995933532715,18.196624755859375,15.841934204101562,9.010096549987793,8.455440521240234,6.188378810882568,9.594557762145996,10.73417854309082,8.709858894348145,5.916308403015137,-5.2223711013793945,-7.360013008117676,0.22405223548412323,1.8889001607894897,2.359022378921509,1.5979950428009033,-0.7337431907653809,0.33820611238479614,0.5169818997383118,1.3576406240463257,0.8081737756729126,1.1112544536590576,0,buka19.wav
190.197428523376,237.76536107305384,2560.0,10240.0,-0.05521012470126152,0.05243169516324997,7.8125e-05,0.00015625,0.000234375,0.0003125,0.000390625,0.00046875,0.000546875,0.000625,0.000703125,0.00078125,0.9999885479590355,-0.012310114502906755,0.0751562099903822,9.8774840294724,0.7957997918128967,-2.860312552399158e-05,0.07242140775324174,0.0006803507858421654,0.037741173058748245,-1.0,1.7957997918128967,0.12189821205985242,0.061845575010282296,0.1218982087040247,0.01485917328524996,-227.86276245117188,121.46143341064453,-44.164371490478516,-27.297054290771484,-15.631729125976562,4.610335826873779,-8.388310432434082,-20.050413131713867,0.8896001577377319,0.7099316120147705,-2.1660139560699463,-3.4159867763519287,-15.782265663146973,99.83338928222656,30.124366760253906,59.427978515625,16.3900203704834,16.943132400512695,17.235002517700195,12.428107261657715,9.025849342346191,12.194795608520508,6.139949321746826,8.515892028808594,11.198634147644043,7.289784908294678,1.378945231437683,-2.5102784633636475,-3.9903981685638428,0.8768044710159302,1.6724913120269775,1.0772831439971924,0.7851833701133728,-0.685871958732605,0.48222386837005615,0.6018288135528564,0.994392991065979,1.1014306545257568,0.7359746098518372,0,buka2.wav
557.0998299265843,241.80336051936493,7372.0,29491.0,-0.07138048112392426,0.07393888384103775,2.712673611111111e-05,5.425347222222222e-05,8.138020833333333e-05,0.00010850694444444444,0.00013563368055555556,0.00016276041666666666,0.00018988715277777778,0.00021701388888888888,0.000244140625,0.0002712673611111111,0.9999678125468676,-0.06937453746795652,0.10697050392627716,7.57755480643303,1.0,-0.0004152647054703111,0.07913536237357116,-0.0006739454693160951,0.05344828270608559,-0.9443173408508301,1.94431734085083,0.12293209537774638,0.02748697707027802,0.12293139399351057,0.015112127629187726,-210.72386169433594,124.91747283935547,-10.397313117980957,13.443116188049316,-4.6804656982421875,8.322514533996582,-0.7494836449623108,-2.9230425357818604,-1.8994842767715454,-0.0813819169998169,-5.853400230407715,-2.6585631370544434,4.8584747314453125,87.76624298095703,30.374958038330078,23.172117233276367,11.102741241455078,6.961208343505859,8.44693374633789,8.882635116577148,9.290733337402344,8.31482219696045,5.823688983917236,4.795680999755859,5.62842321395874,4.327914237976074,-1.3802350759506226,-0.4441641569137573,-0.10517683625221252,0.1316666603088379,0.4143393635749817,0.19486449658870697,-0.00949743390083313,0.060234200209379196,-0.06497849524021149,0.23656241595745087,0.0015150945400819182,-0.08699177950620651,0.013026777654886246,0,buka20.wav
150.9230538714026,69.36001326848893,6963.0,27852.0,-0.02783144824206829,0.0257314033806324,2.8722426470588235e-05,5.744485294117647e-05,8.616727941176471e-05,0.00011488970588235294,0.00014361213235294118,0.00017233455882352942,0.00020105698529411764,0.00022977941176470588,0.0002585018382352941,0.00028722426470588236,0.9999809627193298,0.09052885770797725,0.0394101794809103,43.17574068207765,0.9827797412872314,-0.00012133606251835209,0.034187687987171284,-0.0011549238115549088,0.01978998724371195,-1.0,1.9827797412872314,0.06583977762369789,-0.9538173890582793,0.0658396658185468,0.004334861595097921,-315.2229919433594,156.2810516357422,-2.3122546672821045,23.879634857177734,12.330780982971191,2.2122366428375244,1.1217014789581299,1.4948283433914185,-4.638462543487549,-1.7106810808181763,-3.2724130153656006,-1.8614997863769531,-5.7298431396484375,77.91849517822266,20.27302360534668,30.817523956298828,18.465579986572266,11.45354175567627,5.4963812828063965,7.826377868652344,6.52162504196167,6.939610958099365,10.262097358703613,4.597372055053711,6.865309715270996,7.72556734085083,1.8338954448699951,-0.4069429039955139,-1.3101543188095093,-0.39087849855422974,-0.011961909011006355,0.24244576692581177,0.09219443053007126,0.1892736852169037,-0.001592762186191976,0.2563330829143524,0.06057819351553917,0.01704438589513302,-0.36667412519454956,0,buka21.wav
224.80063824728808,334.5558749843372,2150.0,8601.0,-0.060262881219387054,0.06079074367880821,9.300595238095238e-05,0.00018601190476190475,0.00027901785714285713,0.0003720238095238095,0.0004650297619047619,0.0005580357142857143,0.0006510416666666666,0.000744047619047619,0.0008370535714285714,0.0009300595238095238,0.9999861105513786,0.031233510375022977,0.08221068512648344,8.713105785494182,0.874970018863678,-3.659211385651612e-05,0.08468806291983673,-0.0001146609392890241,0.04116273671388626,-1.0,1.874970018863678,0.1445952884987439,-0.5160963185196453,0.14459528386863862,0.020907796117052187,-200.8794403076172,125.52847290039062,-44.89682388305664,-25.976940155029297,-15.598346710205078,4.914144039154053,-8.205223083496094,-19.959732055664062,1.237963080406189,1.1584315299987793,-3.7463083267211914,-3.6570000648498535,-15.783509254455566,105.57626342773438,32.98001480102539,57.956729888916016,16.68281364440918,16.99995994567871,18.122901916503906,13.232536315917969,7.686079502105713,10.065957069396973,6.278039932250977,7.712184429168701,9.238933563232422,6.813674449920654,4.5789475440979,-3.650035858154297,-6.3511061668396,0.20882850885391235,1.9515044689178467,2.308105707168579,1.1709247827529907,-0.7072719931602478,0.5094494223594666,0.45185020565986633,0.7532581686973572,0.8391711711883545,0.6446697115898132,0,buka22.wav
202.1886833276523,70.99477545685336,9113.0,36454.0,-0.028443563729524612,0.026468412950634956,2.1945224719101123e-05,4.3890449438202246e-05,6.583567415730337e-05,8.778089887640449e-05,0.00010972612359550561,0.00013167134831460674,0.00015361657303370786,0.00017556179775280898,0.0001975070224719101,0.00021945224719101123,0.9999517866055407,0.09051715433597574,0.04061355162411928,42.28989527414333,0.9827584624290466,-8.286001397355311e-05,0.03490104076134347,-0.0012990629766136408,0.020373482955619693,-1.0,1.9827584624290466,0.06661138109425825,-0.9421930464421452,0.0666113295581359,0.004437069225502589,-335.0667724609375,158.88331604003906,18.751270294189453,15.383463859558105,21.241281509399414,11.358734130859375,-1.3142833709716797,7.971266746520996,-3.228437662124634,4.483879566192627,-6.875398635864258,2.2836928367614746,-2.5303988456726074,79.00017547607422,16.385583877563477,22.597854614257812,21.634899139404297,15.500885009765625,8.503129005432129,4.977999687194824,5.60475492477417,5.81100606918335,6.318141460418701,7.816256523132324,5.022397518157959,11.357071876525879,0.8906173706054688,0.07124235481023788,-0.8917257785797119,-0.6095854043960571,-0.29637646675109863,0.09114225208759308,0.14850658178329468,0.11525075882673264,0.10309919714927673,-0.0006926059722900391,0.11830039322376251,0.06644189357757568,0.2440641224384308,0,buka23.wav
952.332728033219,250.09148076438206,12185.0,48742.0,-0.044792212545871735,0.045950550585985184,1.641281512605042e-05,3.282563025210084e-05,4.923844537815126e-05,6.565126050420168e-05,8.206407563025211e-05,9.847689075630252e-05,0.00011488970588235294,0.00013130252100840336,0.00014771533613445377,0.00016412815126050421,0.9829433177841765,0.06378875076770774,0.04285661270841956,7.951027608945205,0.934161365032196,-0.00033017376119442846,0.06890957054798719,-9.370989209855907e-05,0.021404326678748475,-1.0,1.934161365032196,0.12502184210647546,0.13185601682272868,0.12502140612304716,0.015630351988983895,-273.86981201171875,112.96858978271484,-10.440690994262695,11.857869148254395,-0.842162549495697,11.394046783447266,3.620540142059326,-6.1707048416137695,-2.4952523708343506,3.9542367458343506,-0.8958263993263245,-0.5284063220024109,-10.580560684204102,169.6757354736328,41.49193572998047,34.629600524902344,12.416823387145996,15.70507526397705,8.52714729309082,6.885910511016846,9.455108642578125,6.50690221786499,10.79935073852539,5.32297945022583,4.211416244506836,10.688888549804688,-1.1178265810012817,0.4594572186470032,0.1228560283780098,0.1800759881734848,0.04589592665433884,0.03171335533261299,0.019015567377209663,-0.11958485096693039,-0.15173891186714172,-0.173268660902977,0.018015341833233833,0.005838335491716862,0.01659558340907097,0,buka24.wav
621.1915076837695,269.621683610675,7372.0,29491.0,-0.10277261584997177,0.09646952897310257,2.712673611111111e-05,5.425347222222222e-05,8.138020833333333e-05,0.00010850694444444444,0.00013563368055555556,0.00016276041666666666,0.00018988715277777778,0.00021701388888888888,0.000244140625,0.0002712673611111111,0.9999678125468676,-0.01638140678405764,0.15501879900693893,4.486523359822269,1.0,-7.849958160726968e-05,0.09207009574128192,-0.0005027343286201358,0.07761180668603629,-0.847966194152832,1.847966194152832,0.12981100917642102,0.3318881236468895,0.12981098544120429,0.016850891941216552,-247.4915771484375,143.2712860107422,9.860461235046387,16.728090286254883,0.5672793388366699,-0.33001020550727844,1.4197722673416138,0.8546009659767151,-8.461057662963867,1.034140944480896,-5.4044904708862305,7.442167282104492,-9.954842567443848,86.23348236083984,34.97008514404297,24.05508041381836,15.540011405944824,11.131319046020508,7.475467205047607,6.191031455993652,8.827640533447266,4.764485836029053,7.158827304840088,8.689263343811035,7.682477951049805,4.890015125274658,-1.649585247039795,-0.39314839243888855,-0.12743611633777618,-0.08377733826637268,0.1219215914607048,0.3730614483356476,0.21010436117649078,0.20601196587085724,0.1782473772764206,-0.06203639507293701,0.08868063986301422,0.09933976829051971,0.10684141516685486,0,buka25.wav
123.99902989880106,88.07140224534189,4505.0,18022.0,-0.014044558629393578,0.01127528864890337,4.438920454545455e-05,8.87784090909091e-05,0.00013316761363636363,0.0001775568181818182,0.00022194602272727272,0.00026633522727272725,0.0003107244318181818,0.0003551136363636364,0.00039950284090909093,0.00044389204545454544,0.9094408143799189,0.04818536937236784,0.01025859103538096,9.144765111005775,0.612592875957489,-0.001025556269981983,0.0371940275855434,0.0,0.005143842427060008,-1.0,1.612592875957489,0.07419041920366681,-0.13735903416648199,0.07418333058007652,0.005503166535952915,-341.19744873046875,105.4062271118164,-15.833457946777344,-0.9140363931655884,-4.067236423492432,0.47773241996765137,2.336858034133911,-5.8063740730285645,-3.799755573272705,10.72895622253418,-2.115992307662964,-0.6663039326667786,-8.796751976013184,159.99156188964844,55.016990661621094,29.681381225585938,9.94469928741455,9.502999305725098,10.669242858886719,7.248995780944824,13.456113815307617,9.31295108795166,13.1088228225708,8.525967597961426,5.9059576988220215,12.491510391235352,-4.807079315185547,0.1932326704263687,-0.5536149144172668,-0.6358141303062439,-0.04942233860492706,0.2273234874010086,0.36040198802948,-0.05814408138394356,-0.20894427597522736,-0.18656781315803528,0.07282593846321106,-0.09724469482898712,-0.27796921133995056,0,buka26.wav
449.87372388893937,195.26298950771857,7372.0,29491.0,-0.07838719338178635,0.07696310430765152,2.712673611111111e-05,5.425347222222222e-05,8.138020833333333e-05,0.00010850694444444444,0.00013563368055555556,0.00016276041666666666,0.00018988715277777778,0.00021701388888888888,0.000244140625,0.0002712673611111111,0.9962150641850352,0.026592189073562533,0.12122886069118977,9.897273260564386,0.866531252861023,-4.625521914974529e-05,0.07393142708810392,-0.00015733116742921993,0.060578350858122576,-1.0,1.866531252861023,0.11046993161606519,-0.40940440953132645,0.11046992193222924,0.012203603651712823,-239.06581115722656,138.00904846191406,2.854978322982788,13.909090995788574,-0.3552730083465576,0.725099503993988,3.3547065258026123,-1.9863139390945435,-4.454514026641846,0.7933008670806885,-0.6584859490394592,1.7615348100662231,-9.45175838470459,88.36519622802734,32.95299530029297,22.086416244506836,13.498207092285156,8.143147468566895,9.170999526977539,7.46471643447876,6.682051658630371,6.3664679527282715,7.723423480987549,6.294332981109619,3.92338228225708,5.480007648468018,-1.3339455127716064,-0.38628852367401123,-0.09915858507156372,-0.01883086748421192,0.22258223593235016,0.37017372250556946,0.10848726332187653,0.21219287812709808,0.10217374563217163,-0.06286818534135818,0.14201773703098297,0.10824579000473022,0.08604518324136734,0,buka27.wav
563.9114493139631,263.0260673708833,6860.0,27443.0,-0.07770423591136932,0.06568946689367294,2.9151119402985074e-05,5.830223880597015e-05,8.745335820895522e-05,0.0001166044776119403,0.00014575559701492536,0.00017490671641791044,0.00020405783582089552,0.0002332089552238806,0.00026236007462686567,0.0002915111940298507,0.9999961302340596,-0.04232063591480256,0.1050163796171546,8.950852214523675,1.0,-0.0006254769490040124,0.07998736504302174,-0.0012990935938432813,0.05284645326901227,-0.8951284289360046,1.8951284289360046,0.12821329880968552,0.31649322075412395,0.12821177313432636,0.01643825877024797,-230.2656707763672,126.72967529296875,-6.903686046600342,10.229501724243164,-5.731856346130371,5.35776424407959,1.3790825605392456,0.23028042912483215,0.5992162823677063,1.3672776222229004,-1.5203187465667725,-3.440610647201538,1.3603997230529785,91.71737670898438,31.471637725830078,21.440305709838867,11.411035537719727,6.823132038116455,7.802811622619629,10.279498100280762,5.745244026184082,10.155393600463867,5.640171051025391,4.9461565017700195,6.630577087402344,5.542306423187256,-0.01707335002720356,-0.2558514177799225,-0.18772263824939728,0.033965762704610825,0.3585803508758545,0.4168551564216614,0.032268278300762177,0.07635530084371567,-0.08763300627470016,0.08181420713663101,0.04293932393193245,-0.18123674392700195,-0.205635666847229,0,buka28.wav
121.20033884261413,67.63647663080556,5734.0,22937.0,-0.019796699285507202,0.00797807052731514,3.487723214285714e-05,6.975446428571428e-05,0.00010463169642857142,0.00013950892857142856,0.00017438616071428572,0.00020926339285714285,0.000244140625,0.00027901785714285713,0.0003138950892857143,0.00034877232142857144,0.8973186136500401,0.052782538533210854,0.011199414555449039,10.934581054101535,0.6196654438972473,-0.0008359080970442855,0.032803187851466305,0.0,0.005004205508157611,-1.0,1.6196654438972473,0.06501640065096498,0.15163533409988714,0.06501102684360627,0.0042264336112600945,-364.3768310546875,100.41529846191406,-15.70804214477539,1.0326039791107178,-1.753415822982788,2.265855550765991,3.000171422958374,-5.258598804473877,-5.131638526916504,10.245818138122559,-2.1744463443756104,-0.6529959440231323,-8.348575592041016,166.23468017578125,55.14033889770508,30.984312057495117,10.860607147216797,9.037345886230469,8.64183235168457,7.896687984466553,15.433881759643555,9.208484649658203,15.33568286895752,8.886055946350098,7.8800225257873535,9.928223609924316,-3.2283501625061035,0.16639173030853271,-0.6378457546234131,-0.4755270779132843,-0.12487833201885223,0.09402480721473694,0.322344571352005,-0.021823782473802567,-0.22746676206588745,-0.11474484205245972,-0.02011600136756897,-0.20293349027633667,-0.3616201877593994,0,buka29.wav
115.52196674759931,133.71565274987984,2764.0,11059.0,-0.02260318025946617,0.01955416426062584,7.233796296296296e-05,0.00014467592592592592,0.00021701388888888888,0.00028935185185185184,0.0003616898148148148,0.00043402777777777775,0.0005063657407407407,0.0005787037037037037,0.0006510416666666666,0.0007233796296296296,1.0,0.0033914506435395175,0.026073744287714362,26.396850709758752,0.8243480920791626,-3.080020039884072e-05,0.03954538040407404,-0.00011178715067217126,0.01306705130264163,-1.0,1.8243480920791626,0.09141457078604306,-0.31181677649832434,0.09141456559730586,0.008356622803344135,-302.7496032714844,131.76638793945312,-15.912400245666504,5.299548149108887,4.81444787979126,0.9128064513206482,-1.0940483808517456,-1.466233253479004,-8.940134048461914,2.5570971965789795,-4.66173791885376,-6.153469562530518,-2.766815185546875,123.11483001708984,27.754776000976562,41.90829849243164,17.71537971496582,8.561537742614746,7.376359939575195,9.409623146057129,5.388143539428711,11.238553047180176,6.20451021194458,5.658897399902344,9.126823425292969,3.124711036682129,3.8785336017608643,-1.4412301778793335,-2.6268067359924316,-0.2966689467430115,0.7258747816085815,0.7064908146858215,0.5900381803512573,0.6172195672988892,0.35561513900756836,0.11633095890283585,-0.28776034712791443,-0.7930259108543396,-0.35711589455604553,0,buka3.wav
362.50029326529113,192.00863019315582,6041.0,24166.0,-0.07696577906608582,0.07566316425800323,3.3103813559322034e-05,6.620762711864407e-05,9.931144067796611e-05,0.00013241525423728814,0.00016551906779661016,0.00019862288135593222,0.00023172669491525424,0.00026483050847457627,0.0002979343220338983,0.0003310381355932203,0.9939063501512444,0.0306697160005569,0.11729387380182743,10.23232559693472,0.8739449381828308,-4.201202405985083e-05,0.07253412569819376,-6.111904986028094e-05,0.05867162346839905,-1.0,1.8739449381828308,0.10954516020095893,-0.41872498136678193,0.10954515214487401,0.012000140358443594,-222.61737060546875,125.18285369873047,-4.655218601226807,10.246672630310059,-4.203690052032471,5.380638599395752,-3.5545544624328613,-1.8163172006607056,-2.4724323749542236,3.3985142707824707,-5.568663120269775,0.20600248873233795,4.164465427398682,92.44020080566406,30.11011505126953,23.34147071838379,11.46939468383789,6.734024524688721,8.245861053466797,7.434816837310791,8.187678337097168,9.981689453125,4.856969833374023,4.431399345397949,6.070798397064209,4.558618068695068,-1.262671947479248,-0.45308351516723633,0.09853293001651764,0.2777644693851471,0.40312638878822327,0.26044750213623047,-0.038598667830228806,0.08830464631319046,-0.1901007443666458,0.22632788121700287,0.06324472278356552,-0.008942786604166031,-0.047726571559906006,0,buka30.wav
131.67462068040126,54.52647473695378,7727.0,30911.0,-0.043787263333797455,0.04368630424141884,2.5880586971712517e-05,5.1761173943425034e-05,7.764176091513755e-05,0.00010352234788685007,0.00012940293485856258,0.0001552835218302751,0.00018116410880198762,0.00020704469577370013,0.00023292528274541268,0.00025880586971712517,0.9999490465073173,0.03138178586959839,0.06954687088727951,7.967126892336044,0.5867412090301514,-0.00034272879056329326,0.04368071120927785,-0.00010503681551199406,0.0347974471951602,-1.0,1.5867412090301514,0.05837650616888938,-0.4291807922526837,0.058375500078907246,0.0034076990094624995,-75.29032135009766,8.198945999145508,-0.9534773826599121,1.8002777099609375,-2.5895442962646484,2.0619750022888184,-4.025212287902832,0.7590169906616211,-2.7606821060180664,4.101917266845703,-0.8330619931221008,3.0707781314849854,-3.444894552230835,16.413854598999023,15.104728698730469,5.568512916564941,6.557521343231201,3.8125522136688232,3.230954170227051,3.8825933933258057,4.183269500732422,3.4862191677093506,4.884431838989258,4.728921413421631,3.0850391387939453,3.5682926177978516,-0.6663486361503601,-0.655270516872406,-0.15147121250629425,-0.020378941670060158,-0.1339692622423172,-0.06265762448310852,0.007422926370054483,-0.06335562467575073,-0.0950256884098053,-0.017792362719774246,-0.007586324121803045,-0.030899599194526672,-0.05418786779046059,0,buka31.wav
1149.524020550315,408.2207153213859,9011.0,36044.0,-0.13078923523426056,0.12761051952838898,2.2194602272727273e-05,4.438920454545455e-05,6.658380681818181e-05,8.87784090909091e-05,0.00011097301136363636,0.00013316761363636363,0.0001553622159090909,0.0001775568181818182,0.00019975142045454547,0.00022194602272727272,0.9999540586426303,0.06578835546970363,0.20538569055497646,1.56975743341284,0.9377970099449158,-0.00012008777100473585,0.1211853861316333,0.003900155541487038,0.10263616975862533,-1.0,1.9377970099449158,0.15972860870570624,-0.3439512118564187,0.15972856356327716,0.025513214017987874,-169.40013122558594,138.35556030273438,-12.26582145690918,0.6892430186271667,-12.06640625,12.347249984741211,6.085968494415283,-7.1031494140625,-4.446234703063965,11.09663200378418,2.35491943359375,12.023009300231934,-11.45621109008789,96.14207458496094,17.061063766479492,26.624141693115234,16.73706817626953,11.969461441040039,11.382184982299805,7.391049385070801,10.844768524169922,5.371580600738525,10.243844032287598,4.811824798583984,9.720128059387207,8.192732810974121,-0.8618613481521606,-0.7317994236946106,-0.2841137945652008,-0.03777098283171654,0.17026998102664948,0.2579052150249481,0.12193919718265533,0.14382970333099365,0.16169661283493042,0.02103651687502861,0.01475968211889267,-0.022516384720802307,-0.04260632395744324,0,buka32.wav
2324.08931173401,761.8403808183601,9762.0,39048.0,-0.174893319606781,0.17557163536548615,2.0487185265616357e-05,4.0974370531232715e-05,6.146155579684907e-05,8.194874106246543e-05,0.00010243592632808179,0.00012292311159369814,0.0001434102968593145,0.00016389748212493086,0.0001843846673905472,0.00020487185265616358,0.999955276537042,0.05254531800746909,0.2787932977080345,0.4394434791250448,0.9137187600135803,-0.0009641027699606404,0.1704758200189621,-0.0008689539972692728,0.13933884329162538,-1.0,1.9137187600135803,0.21820643506398585,-0.044029701356188125,0.21820430520313397,0.04761311880918243,51.00637435913086,13.464836120605469,2.7955291271209717,3.660762071609497,-1.2232754230499268,2.1100966930389404,-4.180064678192139,2.256201982498169,0.08478996902704239,4.206054210662842,-4.453487873077393,-1.9507414102554321,-5.959897518157959,12.677589416503906,10.664067268371582,7.140303611755371,6.123141765594482,3.822329044342041,3.6934475898742676,3.723935604095459,3.779405355453491,6.930001258850098,6.907798767089844,3.7206220626831055,4.461299419403076,4.491884231567383,0.024089673534035683,-0.06415208429098129,-0.009084828197956085,-0.037208814173936844,-0.05408838391304016,-0.021056978031992912,0.011420001275837421,-0.03465280309319496,0.0176120325922966,0.00229857861995697,0.0005432019825093448,0.0740596279501915,-0.00712082302197814,0,buka33.wav
204.42748974682434,127.77217219224147,5120.0,20480.0,-0.021301964297890663,0.01968918927013874,3.90625e-05,7.8125e-05,0.0001171875,0.00015625,0.0001953125,0.000234375,0.0002734375,0.0003125,0.0003515625,0.000390625,0.9999786599925627,0.0508748322725297,0.026343944016844034,8.273802973040098,0.6167305111885071,-0.0008400229200210452,0.048113705096971444,-0.00015218730550259352,0.013157757930457592,-1.0,1.616730511188507,0.08936133849845428,-0.4591649879020027,0.0893573901797113,0.007984743179729165,-184.98519897460938,47.59068298339844,-1.544374704360962,-1.5328351259231567,-4.504814624786377,3.0576655864715576,-1.726506233215332,-2.9872140884399414,-3.8804755210876465,7.561686992645264,-1.4495580196380615,-1.8869611024856567,-7.2937912940979,62.50416564941406,39.01585006713867,23.486309051513672,12.252518653869629,6.54134464263916,6.9411702156066895,5.866814613342285,12.065794944763184,7.057291507720947,10.920761108398438,9.097599029541016,4.7314653396606445,6.465828895568848,-2.1148736476898193,-0.8978679180145264,-0.08755747228860855,-0.4096006155014038,-0.13027910888195038,0.16281574964523315,0.2965019941329956,0.0762961283326149,-0.2014741152524948,-0.14666804671287537,-0.046941082924604416,-0.15228064358234406,-0.2056797742843628,0,buka34.wav
728.4992086813147,223.19643335122524,10444.0,41779.0,-0.05883501097559929,0.06486237794160843,1.914828431372549e-05,3.829656862745098e-05,5.744485294117647e-05,7.659313725490196e-05,9.574142156862745e-05,0.00011488970588235294,0.00013403799019607844,0.00015318627450980392,0.00017233455882352942,0.0001914828431372549,0.9557373894277681,0.06922082602977753,0.08413584809750319,3.3223749881968,1.0,-0.0001829536871848929,0.07489618522427999,0.0,0.041931189596652985,-0.69232577085495,1.69232577085495,0.11810804363020264,-0.032080915102387385,0.11810790192913512,0.013949476498102197,-246.44296264648438,115.18839263916016,-15.112313270568848,0.8938477039337158,-7.884094715118408,13.920916557312012,5.803927421569824,-5.06000280380249,1.7574944496154785,8.168733596801758,3.6965219974517822,5.634696960449219,-11.501015663146973,154.60382080078125,46.07633590698242,27.576143264770508,12.56588363647461,12.030619621276855,13.551092147827148,6.844033241271973,9.37639331817627,7.352989196777344,10.545430183410645,5.376509189605713,7.858616828918457,9.210539817810059,-1.9502649307250977,0.1328304260969162,0.10562724620103836,0.22879309952259064,0.2642155885696411,0.052365321666002274,0.1456945538520813,0.07645194977521896,0.06998948752880096,-0.00509443087503314,0.08022461831569672,-0.005017468240112066,0.03423389792442322,0,buka35.wav
607.4390524230437,292.0467814167703,6656.0,26624.0,-0.06525819003582001,0.061363644897937775,3.0048076923076925e-05,6.009615384615385e-05,9.014423076923077e-05,0.0001201923076923077,0.00015024038461538462,0.00018028846153846155,0.00021033653846153847,0.0002403846153846154,0.0002704326923076923,0.00030048076923076925,0.999944974331227,0.008350303769111722,0.0766829987987876,6.262219966887102,0.8333641886711121,-8.993327652544883e-05,0.07962045130596364,-2.293144916620804e-05,0.038329034618982405,-1.0,1.833364188671112,0.13510135222598096,-0.03548669448951764,0.13510132229291597,0.01825236728529435,-226.7921142578125,114.71952819824219,-28.68096160888672,7.172374248504639,-7.896701812744141,8.442520141601562,-0.4955171048641205,-6.2819013595581055,-4.416149616241455,8.211845397949219,2.4299025535583496,3.0994057655334473,-15.736664772033691,165.3720703125,33.53080749511719,38.58958435058594,11.622075080871582,12.421978950500488,7.409833908081055,12.40687084197998,5.222301959991455,5.39573860168457,11.54753303527832,6.925038814544678,4.849339008331299,16.60830307006836,-0.8258472681045532,-0.14900316298007965,-0.4612196683883667,-0.3551304340362549,-0.019117960706353188,0.22461742162704468,0.21552452445030212,0.03657238557934761,0.22546684741973877,0.27082696557044983,0.201859712600708,-0.006375088822096586,-0.27153754234313965,0,buka36.wav
1890.8678391704407,475.08496139707376,12736.0,50945.0,-0.11822954565286636,0.12317332625389099,1.570302440249992e-05,3.140604880499984e-05,4.710907320749977e-05,6.281209760999968e-05,7.851512201249961e-05,9.421814641499953e-05,0.00010992117081749945,0.00012562419521999936,0.0001413272196224993,0.00015703024402499922,0.9999429288579179,0.02277023494243613,0.1844717226922512,1.3883213334502598,0.859582245349884,-6.254526798902136e-05,0.1274330095575171,0.0009065868507605046,0.09227165207266808,-1.0,1.859582245349884,0.17231466513444446,-0.2133746860764332,0.1723146537833773,0.029692339908485185,-12.510035514831543,21.724254608154297,2.189906597137451,-0.6825821399688721,-4.661076068878174,4.437735080718994,-1.3898236751556396,1.113069772720337,-2.459960699081421,6.755224227905273,3.0902223587036133,5.3542561531066895,-3.9195103645324707,22.155052185058594,18.609010696411133,8.32021427154541,10.55474853515625,6.08953857421875,3.217453718185425,4.000232696533203,4.479732990264893,2.8903303146362305,5.761761665344238,8.255681991577148,5.162110328674316,3.3535704612731934,0.0033427695743739605,-0.027277212589979172,-0.027185024693608284,0.002867157571017742,0.02131190523505211,0.005516377277672291,-0.03429269790649414,-0.02155892364680767,-0.042850933969020844,-0.032647520303726196,-0.012781978584825993,-0.011884703300893307,-0.03526896610856056,0,buka37.wav
130.2803500446008,140.3977639060829,2969.0,11878.0,-0.02401263825595379,0.021427065134048462,6.734913793103448e-05,0.00013469827586206896,0.00020204741379310345,0.00026939655172413793,0.00033674568965517244,0.0004040948275862069,0.0004714439655172414,0.0005387931034482759,0.0006061422413793104,0.0006734913793103449,0.9999902800937663,0.0039631456136703935,0.028640730073675513,25.226109665064435,0.8253875374794006,-4.650850895158652e-05,0.041294833053143847,-0.00019177662761649117,0.014341219328343868,-1.0,1.8253875374794006,0.09367106951912779,-0.3173316271177842,0.09367105797318545,0.008774267101815869,-314.8858337402344,149.52903747558594,-20.662675857543945,9.390081405639648,2.4787869453430176,1.9141547679901123,-0.1277967393398285,1.307777762413025,-8.0258150100708,-1.4245513677597046,-1.0681830644607544,-2.9557950496673584,-8.832415580749512,114.8323745727539,25.290050506591797,44.1777229309082,19.941787719726562,8.774019241333008,8.25235366821289,11.597835540771484,8.959683418273926,5.019059181213379,10.601384162902832,5.676399230957031,5.430464267730713,7.576908111572266,0.16647669672966003,-1.4789148569107056,-1.9001039266586304,-0.9442970156669617,0.38636767864227295,0.945797860622406,0.15774768590927124,0.8511940836906433,0.3172483444213867,0.5025297403335571,0.14342108368873596,-0.36885371804237366,-0.5197222232818604,0,buka38.wav
1105.1985866817145,416.12371777638384,8499.0,33996.0,-0.13265708088874817,0.12914182245731354,2.3531626506024098e-05,4.7063253012048195e-05,7.059487951807229e-05,9.412650602409639e-05,0.00011765813253012048,0.00014118975903614457,0.00016472138554216866,0.00018825301204819278,0.00021178463855421687,0.00023531626506024096,0.9999663288159071,0.07345085144042973,0.20837954618036747,1.533861701838945,0.9517288208007812,-0.00021741473854305346,0.12275700435157882,0.004144791513681412,0.10393491387367249,-1.0,1.9517288208007812,0.1612672327436042,-0.34033832118083346,0.1612670861881347,0.02600707308761127,-168.7955322265625,141.62294006347656,-18.930912017822266,0.8040198087692261,-10.870930671691895,14.910591125488281,3.4403812885284424,-9.490192413330078,1.4044595956802368,10.597383499145508,3.9946234226226807,6.277083396911621,-15.056333541870117,92.70651245117188,19.554750442504883,28.684551239013672,15.64262866973877,10.548575401306152,12.993372917175293,7.149842262268066,10.155106544494629,7.697028160095215,9.926628112792969,5.301755428314209,6.766658306121826,9.242420196533203,-0.0277408417314291,-0.7784846425056458,-0.37120160460472107,-0.07845915853977203,0.15518690645694733,0.28435617685317993,0.12164081633090973,0.22230695188045502,0.09226015955209732,0.043506234884262085,-0.012664079666137695,-0.03913884982466698,0.04108905792236328,0,buka39.wav
99.90905982419882,67.87588455637473,4710.0,18841.0,-0.014914965257048607,0.008962780237197876,4.245923913043478e-05,8.491847826086956e-05,0.00012737771739130434,0.00016983695652173913,0.0002122961956521739,0.0002547554347826087,0.0002972146739130435,0.00033967391304347825,0.00038213315217391306,0.0004245923913043478,0.8820190874766416,0.04848353564739227,0.009574322844855487,13.877692532240872,0.6130515933036804,-0.0010244556971945444,0.031631807073137785,0.0,0.004699598997831345,-1.0,1.6130515933036804,0.06513111900138499,0.2497186995110245,0.06512306160567898,0.004241013152897059,-355.2148742675781,103.43608856201172,-15.115747451782227,0.6090830564498901,-4.632040977478027,0.4452449381351471,4.182548522949219,-5.166557788848877,-3.6131844520568848,11.584402084350586,-1.6228514909744263,0.5723702311515808,-8.822371482849121,167.6659698486328,54.564537048339844,31.028844833374023,10.487297058105469,10.926977157592773,10.640445709228516,7.69412899017334,12.366912841796875,8.72452163696289,14.142480850219727,8.853095054626465,6.821176528930664,11.752471923828125,-4.875617980957031,0.11136779189109802,-0.7636653184890747,-0.5734595656394958,-0.10590510815382004,0.04003988206386566,0.2732933461666107,-0.11432858556509018,-0.1221337839961052,-0.13212697207927704,0.10251323133707047,-0.17288796603679657,-0.34510567784309387,0,buka4.wav
198.08204602821039,96.07180382707467,6598.0,26392.0,-0.01848861388862133,0.018744947388768196,3.031221582297666e-05,6.062443164595332e-05,9.093664746892998e-05,0.00012124886329190665,0.0001515610791148833,0.00018187329493785995,0.0002121855107608366,0.0002424977265838133,0.0002728099424067899,0.0003031221582297666,0.999983843976786,0.002228981256485074,0.02909643924795091,23.7506348795453,0.8222345113754272,-2.9268340530324745e-05,0.035972184758004316,0.00012260398943908513,0.014554471214069054,-1.0,1.8222345113754272,0.0774874553064166,-0.5268517331167656,0.07748744977883937,0.006004304873228152,-163.48382568359375,12.804564476013184,-10.67642593383789,-3.781916379928589,-2.0941362380981445,2.216397762298584,-7.083282470703125,0.30524176359176636,-0.7822928428649902,2.713799476623535,-3.835787534713745,-1.1851692199707031,-4.482922554016113,42.40482711791992,22.776662826538086,23.466609954833984,15.256044387817383,8.25978946685791,6.027299880981445,8.744894027709961,6.201388359069824,7.236020565032959,5.0498151779174805,5.177235126495361,6.32454252243042,5.669806957244873,0.11515576392412186,-0.013325056992471218,-0.08263871818780899,-0.09133012592792511,0.02901226282119751,-0.043821752071380615,-1.2942460671183653e-05,0.03457438573241234,-0.07975152879953384,0.0019903869833797216,0.06960537284612656,0.041967619210481644,0.015528113581240177,0,buka40.wav
1793.918603677615,734.4224363861072,7816.0,31266.0,-0.14446601271629333,0.15344038605690002,2.5586572166926795e-05,5.117314433385359e-05,7.67597165007804e-05,0.00010234628866770718,0.00012793286083463397,0.0001535194330015608,0.00017910600516848758,0.00020469257733541436,0.00023027914950234118,0.00025586572166926794,0.999888002487995,0.06609221696853629,0.21513044089078903,1.4493411753330765,0.9383494853973389,-0.0001582332697011475,0.15295362496595732,0.00031270203180611134,0.10764655587263405,-1.0,1.9383494853973389,0.2142433845293475,-0.18280152588969215,0.2142433260963389,0.045900202776822205,-159.19561767578125,146.47959899902344,-5.2486572265625,7.513716220855713,-6.303399562835693,7.634228229522705,-2.4375905990600586,-11.2089262008667,-0.8320094347000122,8.426451683044434,1.4008305072784424,2.439180374145508,-13.161609649658203,89.96417236328125,24.526750564575195,30.139429092407227,14.212785720825195,13.176763534545898,9.582208633422852,9.186802864074707,11.119754791259766,9.277403831481934,14.558829307556152,9.563456535339355,9.523775100708008,8.600686073303223,-0.26980850100517273,0.1594187617301941,0.12768299877643585,0.11093064397573471,-0.06309303641319275,-0.01799636147916317,-0.07820211350917816,-0.11130554974079132,-0.047676995396614075,-0.03275600075721741,0.0845898911356926,-0.015882128849625587,0.16438211500644684,0,buka41.wav
1153.5425958796347,343.32263498342894,10752.0,43008.0,-0.0522448867559433,0.057350460439920425,1.8601190476190478e-05,3.7202380952380956e-05,5.580357142857143e-05,7.440476190476191e-05,9.300595238095238e-05,0.00011160714285714285,0.00013020833333333333,0.00014880952380952382,0.0001674107142857143,0.00018601190476190475,0.987176657524926,-0.009266516566276639,0.050128706730902195,4.160043769322215,0.8013336062431335,-0.0003443658917464002,0.08395118342865299,-0.00015910046931821853,0.02473244071006775,-1.0,1.8013336062431335,0.14648298723181577,-0.17821126933606238,0.14648258244750093,0.021457146960488907,-269.7914123535156,111.75430297851562,-9.243040084838867,12.937471389770508,1.2451364994049072,12.379622459411621,4.17270565032959,-5.942391395568848,-3.388273239135742,4.300668716430664,1.0034234523773193,0.1082107424736023,-9.641575813293457,167.94699096679688,40.878543853759766,36.63753128051758,14.176403999328613,15.62718677520752,9.591894149780273,8.081127166748047,8.39498233795166,6.651352882385254,10.560066223144531,6.989526748657227,5.808927059173584,10.867541313171387,-1.1304336786270142,0.3809748589992523,0.16516642272472382,0.20038697123527527,0.05016227811574936,0.02183167263865471,0.031896889209747314,-0.08882185071706772,-0.2025703638792038,-0.2231428027153015,1.2618191249202937e-05,0.01853376440703869,0.014347926713526249,0,buka42.wav
1351.5879136322387,312.0999656244165,13858.0,55432.0,-0.10231846570968628,0.10233556479215622,1.4431888701274336e-05,2.886377740254867e-05,4.329566610382301e-05,5.772755480509734e-05,7.215944350637168e-05,8.659133220764602e-05,0.00010102322090892035,0.00011545510961019468,0.000129886998311469,0.00014431888701274336,0.9999138415084354,-0.08881311714649198,0.16219623386859894,1.9776474058068212,1.0,0.0002796444697717499,0.10467060538581996,9.929043881129473e-05,0.08110101176134776,-0.9796602129936218,1.9796602129936218,0.13966376172625475,0.09170924109810207,0.1396634817641984,0.019505888138498583,3.648439645767212,11.023283004760742,-3.7116503715515137,0.3086857497692108,-0.809092104434967,5.638692855834961,-3.2221617698669434,0.16910654306411743,-1.155186653137207,4.611186504364014,-2.7809488773345947,-0.129817396402359,-3.297194242477417,19.511869430541992,13.063764572143555,7.87482213973999,8.047466278076172,3.710056781768799,5.759532928466797,3.6725242137908936,3.3210577964782715,4.63659143447876,4.7716169357299805,3.135462999343872,4.278444290161133,3.1771583557128906,-0.02914598397910595,-0.08206532150506973,-0.030537717044353485,-0.0039520966820418835,0.009592259302735329,-0.01966198720037937,0.007959403097629547,0.043020643293857574,0.008326957933604717,-0.05280601978302002,-0.04297759383916855,-0.08547943085432053,-0.05462828278541565,0,buka43.wav
331.90854268833544,144.06143512501336,7372.0,29491.0,-0.046529002487659454,0.04608853533864021,2.712673611111111e-05,5.425347222222222e-05,8.138020833333333e-05,0.00010850694444444444,0.00013563368055555556,0.00016276041666666666,0.00018988715277777778,0.00021701388888888888,0.000244140625,0.0002712673611111111,0.9999785416979116,-0.03420154452323915,0.07348835282027721,13.124999634745933,1.0,0.00014078784628251343,0.057910910264223424,-0.00025725415616761893,0.03671707534522284,-0.8803664445877075,1.8803664445877075,0.09488727760100367,0.31334703931091756,0.09488717315481726,0.009003575629312274,-71.78385162353516,9.56247615814209,-5.640805244445801,-3.292283296585083,-3.8500843048095703,3.1202917098999023,-3.8532636165618896,-0.6161144971847534,-3.5425198078155518,2.6912314891815186,-2.1420443058013916,1.5451419353485107,-3.1909239292144775,28.741527557373047,19.175722122192383,14.046516418457031,15.67523193359375,5.00555419921875,6.748391628265381,5.549274921417236,7.664142608642578,4.055675029754639,4.415278434753418,5.275786876678467,3.762869358062744,4.024500370025635,-0.10763058811426163,-0.0688009262084961,-0.0028089641127735376,0.03904474154114723,0.10828687250614166,0.03909395635128021,0.010976466350257397,-0.06255242228507996,-0.06091751530766487,0.031212205067276955,0.012609417550265789,-0.04030947387218475,-0.14256949722766876,0,buka44.wav
830.5913210004655,262.18677641224474,10137.0,40550.0,-0.07600362598896027,0.058559589087963104,1.9728535353535355e-05,3.945707070707071e-05,5.918560606060606e-05,7.891414141414142e-05,9.864267676767677e-05,0.00011837121212121212,0.00013809974747474747,0.00015782828282828284,0.0001775568181818182,0.00019728535353535353,0.9552873352854393,-0.09883120357990266,0.08620070293545723,3.8916182085857036,1.0,-0.0002462070349088821,0.08076155833911103,-0.0002661279431777075,0.04418878564320039,-0.997874915599823,1.997874915599823,0.12800918029851344,0.36596778533664037,0.12800894352658831,0.016386289622793277,-240.18357849121094,117.48035430908203,-13.168030738830566,2.3617255687713623,-6.678487777709961,11.333504676818848,1.4489309787750244,-8.558746337890625,-0.36187753081321716,7.33038330078125,2.251723527908325,4.187563896179199,-13.267080307006836,154.60787963867188,47.06608581542969,26.545021057128906,12.982611656188965,11.91826057434082,10.577807426452637,7.9081034660339355,12.026803016662598,8.284111976623535,11.14313793182373,5.945744514465332,7.736436367034912,10.354997634887695,-1.9856274127960205,0.15707199275493622,0.11419279128313065,0.16414280235767365,0.20991605520248413,-0.0035288846120238304,0.16379691660404205,0.1757795512676239,0.1057264506816864,-0.025101132690906525,0.0611017644405365,0.049584340304136276,0.07862073183059692,0,buka45.wav
1680.3234948674424,687.9170952837387,7816.0,31266.0,-0.15286646783351898,0.14983738958835602,2.5586572166926795e-05,5.117314433385359e-05,7.67597165007804e-05,0.00010234628866770718,0.00012793286083463397,0.0001535194330015608,0.00017910600516848758,0.00020469257733541436,0.00023027914950234118,0.00025586572166926794,0.9999630985164709,-0.08541425466537478,0.22376064211130142,1.3494879296695244,1.0,-0.0002855001375918225,0.15027739081286567,-0.0004452351131476462,0.1119053628644906,-0.9734804630279541,1.973480463027954,0.20734926661362577,0.014656345898336845,0.207349070060321,0.042993636854879905,-163.27227783203125,142.53102111816406,-7.796955108642578,6.392764568328857,-5.880160808563232,8.576336860656738,-5.869490146636963,-10.712069511413574,5.170828819274902,9.460498809814453,2.3874053955078125,-3.489389419555664,-11.586746215820312,88.93022918701172,25.64459228515625,31.068510055541992,13.968619346618652,13.434418678283691,9.885063171386719,11.250805854797363,8.175419807434082,13.69930648803711,13.97901439666748,8.181665420532227,8.421964645385742,9.232342720031738,-0.21635620296001434,0.131275936961174,0.1938968151807785,0.24914278090000153,-0.0017452363390475512,-0.12373185157775879,-0.11937937885522842,-0.0009662260999903083,0.04525675252079964,0.08745872229337692,0.13348603248596191,0.08186869323253632,0.17692089080810547,0,buka46.wav
570.6052918165533,1114.5995200909354,1638.0,6553.0,-0.14998766779899597,0.16678990423679352,0.0001220703125,0.000244140625,0.0003662109375,0.00048828125,0.0006103515625,0.000732421875,0.0008544921875,0.0009765625,0.0010986328125,0.001220703125,0.9999812199519231,0.08627640306949624,0.2171129249036312,1.3370130593983518,0.9750480055809021,0.0016096398013598565,0.18046254259378539,4.0888892272050725e-06,0.10778260231018066,-1.0,1.975048005580902,0.26392037868683116,-0.07939154285339232,0.26391547007689836,0.06965137534591023,-159.4098663330078,171.13768005371094,-0.8818418383598328,12.591719627380371,-11.440491676330566,-0.5369595885276794,5.642086029052734,8.548316955566406,-15.341028213500977,1.8183311223983765,-8.701282501220703,11.884657859802246,6.8495941162109375,99.85227966308594,18.403736114501953,40.83685302734375,11.07491683959961,10.465511322021484,8.397733688354492,14.823351860046387,11.302021026611328,11.062960624694824,8.127169609069824,11.74213981628418,13.80843734741211,12.603629112243652,5.5943474769592285,-1.329839825630188,-6.66080904006958,-1.8537768125534058,-1.295182228088379,1.3855714797973633,2.669703245162964,-0.881811261177063,-0.011208506301045418,-0.5451448559761047,1.656606912612915,2.3162569999694824,1.6926853656768799,0,buka47.wav
1185.813514430432,273.8204103173172,13858.0,55432.0,-0.07918822020292282,0.07918353378772736,1.4431888701274336e-05,2.886377740254867e-05,4.329566610382301e-05,5.772755480509734e-05,7.215944350637168e-05,8.659133220764602e-05,0.00010102322090892035,0.00011545510961019468,0.000129886998311469,0.00014431888701274336,0.9999299962256039,-0.08977105617523196,0.12385650351643562,5.3866529782886925,1.0,2.625411870835677e-05,0.08989418856267799,0.0006126011139713228,0.0618871035403572,-0.9814019203186035,1.9814019203186035,0.13081868620624104,0.13150603858201915,0.1308186835717598,0.017113527971448213,-27.860790252685547,18.354148864746094,-0.8711152672767639,0.07298143953084946,-2.296894073486328,5.748912811279297,-1.5831061601638794,0.002770311664789915,-2.864704132080078,5.2839202880859375,-0.5897257328033447,0.4714716076850891,-5.576972484588623,26.859128952026367,20.68067741394043,8.601005554199219,10.584694862365723,4.878300666809082,4.547398567199707,4.420600414276123,4.891573905944824,3.311934232711792,6.574202060699463,5.780640125274658,3.3755569458007812,4.599124908447266,-0.043783579021692276,-0.12439438700675964,-0.061471182852983475,0.01897784136235714,-0.014179499819874763,-0.001692811376415193,0.03316209465265274,0.03444952145218849,0.017001621425151825,-0.010374069213867188,0.012910407967865467,0.014933367259800434,0.03828015923500061,0,buka48.wav
278.9039443173538,415.074235799243,2150.0,8601.0,-0.08405349403619766,0.07870980352163315,9.300595238095238e-05,0.00018601190476190475,0.00027901785714285713,0.0003720238095238095,0.0004650297619047619,0.0005580357142857143,0.0006510416666666666,0.000744047619047619,0.0008370535714285714,0.0009300595238095238,0.9999722211027575,-0.003637123107910145,0.11272996012121439,3.7178338543285463,1.0,-9.37028622715872e-05,0.10358199061639407,0.0003625139215728268,0.056084657087922096,-0.8247947692871094,1.8247947692871094,0.16105814777290717,0.17034980794948276,0.16105812051496565,0.0259397181838132,-188.2168426513672,113.23426055908203,-58.84596252441406,-20.268705368041992,-12.488106727600098,6.618051528930664,-20.278470993041992,-6.276669502258301,4.401786804199219,-7.635740280151367,-8.825313568115234,-14.885721206665039,-8.203824996948242,100.3431167602539,42.4178466796875,56.13878631591797,18.230680465698242,17.421051025390625,11.579623222351074,15.797632217407227,6.941523551940918,11.486053466796875,10.373383522033691,9.600704193115234,8.466140747070312,8.650848388671875,4.198330402374268,-5.094569683074951,-5.435401439666748,2.4399497509002686,2.010723829269409,1.640470027923584,-0.3089129328727722,-0.20491589605808258,0.9285257458686829,0.9631510376930237,0.9478578567504883,0.7344704270362854,0.35888493061065674,0,buka49.wav
1557.7288266067987,406.26689094524323,12269.0,49079.0,-0.10256917774677277,0.10425560921430588,1.630018419208137e-05,3.260036838416274e-05,4.890055257624411e-05,6.520073676832548e-05,8.150092096040686e-05,9.780110515248822e-05,0.0001141012893445696,0.00013040147353665096,0.00014670165772873232,0.0001630018419208137,0.9999385082496877,0.09642725884914394,0.15090730041265488,1.8471070656540425,0.9935041069984436,0.00023797443074541471,0.11441066657633639,0.0017784415977075696,0.07547554082702845,-1.0,1.9935041069984436,0.15934637364874546,-0.048576252382352345,0.1593461959482432,0.025391210163175915,-40.225040435791016,27.124238967895508,0.40177616477012634,-1.5620845556259155,-1.4362398386001587,7.4926347732543945,-1.7390583753585815,-0.926956057548523,-0.32834115624427795,10.106526374816895,3.5682027339935303,2.287893533706665,-6.950151443481445,30.12649917602539,22.97653579711914,12.003764152526855,11.938318252563477,4.309386730194092,7.5418009757995605,5.0204997062683105,6.565256595611572,3.747622489929199,8.082457542419434,8.035508155822754,3.383917808532715,6.033870697021484,0.05840124934911728,-0.03891352191567421,-0.024822421371936798,0.031408991664648056,0.004360549617558718,-0.009596321731805801,-0.041300199925899506,-0.04399816319346428,-0.05430537834763527,-0.016931509599089622,-0.05228124558925629,-0.027570800855755806,0.019754020497202873,0,buka5.wav
819.9571212236887,366.06250005800996,7168.0,28672.0,-0.08501201868057251,0.08798596262931824,2.7901785714285713e-05,5.580357142857143e-05,8.370535714285714e-05,0.00011160714285714285,0.00013950892857142856,0.0001674107142857143,0.0001953125,0.0002232142857142857,0.0002511160714285714,0.00027901785714285713,0.9999668039693422,-0.08846624493598937,0.11621477454900742,4.903613460594639,1.0,-0.00011674784383360457,0.09632949134860302,-3.960161666327622e-05,0.058263277634978294,-0.9790295362472534,1.9790295362472534,0.15125563755207921,0.17830586374723673,0.15125559249570547,0.022878254261226916,-194.88833618164062,112.83125305175781,-23.15937614440918,9.722675323486328,2.2457895278930664,12.54456901550293,-11.559508323669434,-1.6511526107788086,5.704932689666748,-2.7449517250061035,-7.802239418029785,-6.585937023162842,5.800660610198975,149.30177307128906,28.08214569091797,33.30258560180664,11.91159725189209,8.056260108947754,12.671245574951172,8.80085277557373,8.017915725708008,14.835709571838379,6.593008995056152,5.460065841674805,9.841572761535645,7.469271659851074,0.5364104509353638,-0.25135982036590576,-0.4297662675380707,0.09387712180614471,0.033508021384477615,0.2411910593509674,0.046881310641765594,0.10575510561466217,0.16757921874523163,0.1951225996017456,0.19307266175746918,0.13399145007133484,0.027001231908798218,0,buka50.wav
359.5166622858018,660.9521540357151,1740.0,6963.0,-0.1058376133441925,0.11448530852794647,0.00011488970588235294,0.00022977941176470588,0.00034466911764705885,0.00045955882352941176,0.0005744485294117647,0.0006893382352941177,0.0008042279411764705,0.0009191176470588235,0.0010340073529411765,0.0011488970588235295,0.9746234102164645,-0.01388374269008641,0.14735072292387486,1.8790980921170073,0.7929386496543884,-0.00019343239146238142,0.13349920271443788,0.0,0.07340074703097343,-1.0,1.7929386496543884,0.2032357340376465,-0.2541927959645239,0.20323564198666264,0.04130472617373091,-172.13641357421875,151.7451629638672,-12.163056373596191,4.115408897399902,-9.245956420898438,8.247539520263672,3.8746261596679688,-12.875304222106934,-1.2414978742599487,6.024778366088867,7.791821002960205,4.364434242248535,-10.412969589233398,116.22677612304688,27.461692810058594,37.763893127441406,7.462014675140381,11.327869415283203,16.772607803344727,11.316977500915527,14.71554946899414,9.702025413513184,13.753042221069336,12.266326904296875,8.185243606567383,7.304614543914795,0.7460950016975403,-2.713923931121826,-4.804220199584961,-0.14734822511672974,0.5943199396133423,2.917473316192627,-0.3735594153404236,-0.32751739025115967,0.9215736389160156,1.4959628582000732,1.5118184089660645,0.2603479027748108,0.39906322956085205,0,buka51.wav
205.62775363055363,123.57901281181151,5324.0,21299.0,-0.01942579634487629,0.016412589699029922,3.7560096153846156e-05,7.512019230769231e-05,0.00011268028846153847,0.00015024038461538462,0.00018780048076923078,0.00022536057692307694,0.00026292067307692306,0.00030048076923076925,0.0003380408653846154,0.00037560096153846156,0.8378687999762986,0.05515523850917814,0.014748358516953886,8.250314475549416,0.6233157515525818,-0.0008655655539846184,0.045183178142090136,0.0,0.007368526421487331,-1.0,1.6233157515525818,0.08788286635211087,-0.4687026884364163,0.08787860373569176,0.007722648994534737,-326.3029479980469,98.65128326416016,-10.881948471069336,1.4576538801193237,-4.491478443145752,2.8613390922546387,1.932056188583374,-2.063500165939331,-8.230772018432617,8.639202117919922,-0.3958776295185089,1.1266642808914185,-8.348952293395996,177.14768981933594,53.0455436706543,26.887569427490234,11.226720809936523,9.774740219116211,10.304641723632812,6.041638374328613,11.728309631347656,11.984302520751953,9.678359031677246,8.134723663330078,9.824535369873047,8.425162315368652,-2.464665174484253,0.48460885882377625,-0.6683221459388733,-0.5787116289138794,-0.12014738470315933,0.1205393448472023,0.3163442015647888,0.009869701229035854,-0.25770634412765503,-0.1130690947175026,0.014294462278485298,-0.019807150587439537,-0.36908674240112305,0,buka52.wav
130.2744655538282,140.391422432899,2969.0,11878.0,-0.024000564590096474,0.021377524361014366,6.734913793103448e-05,0.00013469827586206896,0.00020204741379310345,0.00026939655172413793,0.00033674568965517244,0.0004040948275862069,0.0004714439655172414,0.0005387931034482759,0.0006061422413793104,0.0006734913793103449,0.9999902800937663,0.003968226909637496,0.02866135654039681,25.226531997503912,0.8253967761993408,-6.0976774204533755e-05,0.041293065481437734,-0.00020670956291723996,0.01433564955368638,-1.0,1.8253967761993408,0.09366895403214757,-0.3172515306750501,0.09366893418476364,0.008773869231309584,-314.9175109863281,149.56341552734375,-20.687623977661133,9.404082298278809,2.5028746128082275,1.8873209953308105,-0.08668457716703415,1.25679349899292,-7.998686790466309,-1.4311057329177856,-1.0848537683486938,-2.9125895500183105,-8.862139701843262,114.844482421875,25.320152282714844,44.167236328125,19.93511390686035,8.822197914123535,8.2787504196167,11.616156578063965,8.93765640258789,5.038952350616455,10.604494094848633,5.655614852905273,5.394536018371582,7.588539123535156,0.17368774116039276,-1.4863132238388062,-1.8988860845565796,-0.9429638981819153,0.3827403485774994,0.9483879804611206,0.1554405838251114,0.8525582551956177,0.3150566518306732,0.5063899755477905,0.13880078494548798,-0.36267364025115967,-0.529496967792511,0,buka53.wav
330.6076881768026,135.94415488753415,7782.0,31129.0,-0.04353076592087746,0.04353812709450722,2.5699013157894735e-05,5.139802631578947e-05,7.70970394736842e-05,0.00010279605263157894,0.00012849506578947368,0.0001541940789473684,0.00017989309210526315,0.00020559210526315788,0.00023129111842105262,0.00025699013157894735,0.9999662917952158,-0.02789893448352815,0.06385457701981068,16.56317187998218,1.0,-0.0003234225839410744,0.05188740926514466,-0.000918022939004004,0.03209472540766001,-0.8689071536064148,1.8689071536064148,0.09217532928369071,0.06486735550299859,0.09217476187324276,0.008496186726389007,-232.6640625,127.75849914550781,-0.7937425374984741,13.430977821350098,1.8695833683013916,2.9027514457702637,7.164312839508057,0.6620485186576843,-4.363650798797607,0.1423722207546234,-0.7228571176528931,1.717566967010498,-9.031987190246582,87.16346740722656,28.879465103149414,22.12968635559082,14.161018371582031,8.988363265991211,8.632413864135742,9.62181568145752,7.929029941558838,6.560815334320068,8.442167282104492,6.9342427253723145,4.5984015464782715,6.515964984893799,-0.37413257360458374,-0.31496337056159973,-0.1614205539226532,-0.1730707287788391,0.09871989488601685,0.42165645956993103,0.1615411788225174,0.2576778531074524,0.08605845272541046,-0.12991692125797272,0.045930687338113785,0.05854308232665062,0.04899867624044418,0,buka54.wav
218.607922263233,96.22092256641436,7270.0,29081.0,-0.038872282952070236,0.03720660135149956,2.750880281690141e-05,5.501760563380282e-05,8.252640845070422e-05,0.00011003521126760564,0.00013754401408450705,0.00016505281690140845,0.00019256161971830985,0.00022007042253521127,0.00024757922535211267,0.0002750880281690141,0.9999600525568382,-0.01079247295856478,0.055210426449775696,25.368967258285863,1.0,-0.00011916942928353786,0.04380837909341029,-0.0009783024434000254,0.027748577296733856,-0.8378044962882996,1.8378044962882996,0.07754767712673145,0.18234855320137952,0.07754758556137588,0.006013628026398913,-297.3045654296875,147.95535278320312,-2.4086427688598633,22.097999572753906,12.860833168029785,2.3365588188171387,0.5293358564376831,0.001793980598449707,-5.824433326721191,-3.909390687942505,-4.216941833496094,-2.565434217453003,-4.853557586669922,75.78792572021484,29.344297409057617,29.438175201416016,18.464452743530273,12.020862579345703,5.6276535987854,9.308076858520508,7.983100891113281,9.620107650756836,10.936986923217773,5.19305944442749,6.832824230194092,7.959531784057617,1.2916150093078613,0.4236098527908325,-0.6158240437507629,-0.3239869475364685,0.11701313406229019,0.25770318508148193,0.22047005593776703,0.29301002621650696,0.1984167993068695,0.23003369569778442,0.13089865446090698,0.009840705431997776,-0.20588645339012146,0,buka55.wav
1808.7773015196983,499.1107344149278,11597.0,46388.0,-0.14188352227210999,0.14405296742916107,1.72458394412348e-05,3.44916788824696e-05,5.173751832370441e-05,6.89833577649392e-05,8.622919720617402e-05,0.00010347503664740882,0.00012072087608864362,0.0001379667155298784,0.00015521255497111323,0.00017245839441234803,0.9999193477536984,0.08607279062271123,0.22737599909305573,0.5894770525154964,0.9746778011322021,6.375933308989313e-05,0.13828338771290855,0.0011529772309586406,0.11367736000102013,-1.0,1.9746778011322021,0.17661790092444954,-0.07917369444991458,0.17661788941584064,0.03119387886170611,40.953739166259766,9.044781684875488,-0.5597982406616211,1.4606479406356812,-2.5268235206604004,3.0569725036621094,-3.2698957920074463,0.5458977818489075,-1.7562885284423828,6.481123447418213,0.9142506122589111,3.0474677085876465,-3.592451572418213,12.851775169372559,10.03480052947998,4.369897365570068,7.243021011352539,4.525213241577148,3.4135870933532715,3.618828296661377,4.608110427856445,3.043034076690674,5.858677864074707,5.9354329109191895,2.62014102935791,3.7024171352386475,0.009858817793428898,-0.039894793182611465,-0.018313361331820488,-0.00388128194026649,-0.04004596546292305,-0.05824195593595505,0.025488954037427902,0.028669731691479683,0.03341827169060707,0.03750380873680115,-0.007114130072295666,-0.0011345326201990247,-0.06014571338891983,0,buka56.wav
910.7326717284386,360.26708402736955,8089.0,32358.0,-0.08488327264785767,0.08730927854776382,2.4723101265822784e-05,4.944620253164557e-05,7.416930379746836e-05,9.889240506329114e-05,0.00012361550632911393,0.0001483386075949367,0.0001730617088607595,0.00019778481012658228,0.00022250791139240506,0.00024723101265822786,0.9999709211841108,-0.08415691256523133,0.11635056138038635,4.857693761416217,1.0,-0.0001137378205381724,0.09585094484952472,-3.522894621710293e-05,0.05817808098436217,-0.9711943864822388,1.9711943864822388,0.15005377725747368,0.17574380447574503,0.15005373415194873,0.022516123132943707,-200.65576171875,118.75382232666016,-17.898996353149414,7.656180381774902,-1.8521463871002197,15.404214859008789,-4.537413597106934,-7.745399475097656,2.0712335109710693,5.692890644073486,-3.6623287200927734,-6.126178741455078,-5.544013977050781,149.77157592773438,26.040245056152344,32.14639663696289,14.513910293579102,12.130744934082031,10.414632797241211,7.821842670440674,6.910247802734375,12.963237762451172,10.057327270507812,5.237790107727051,5.515115261077881,7.711483478546143,0.68181973695755,-0.11383967101573944,-0.44147366285324097,0.011954033747315407,0.05495982617139816,0.16914209723472595,0.12500950694084167,0.009045468643307686,0.0675266906619072,0.11291644722223282,0.14282886683940887,0.2018897980451584,0.11760228872299194,0,buka57.wav
329.5360500966738,686.6228417172524,1536.0,6144.0,-0.11239764839410782,0.12199428677558899,0.00013020833333333333,0.00026041666666666666,0.000390625,0.0005208333333333333,0.0006510416666666666,0.00078125,0.0009114583333333333,0.0010416666666666667,0.001171875,0.0013020833333333333,0.9667720423872974,-0.017773032188415527,0.15616682544350624,1.7360780864347118,0.7858672142028809,-9.169457573638557e-05,0.13798489191662427,0.0,0.07847849652171135,-1.0,1.7858672142028809,0.20714328339663282,-0.25016883611282886,0.2071432631017541,0.04290833144844252,-148.02786254882812,138.66677856445312,-11.115114212036133,-0.8332597017288208,-8.994529724121094,13.235658645629883,-7.456070899963379,-8.01013469696045,3.480487823486328,10.412553787231445,4.010581016540527,-5.743471145629883,-2.512685775756836,114.0652084350586,23.174165725708008,35.440792083740234,8.08968448638916,11.641746520996094,11.952753067016602,13.662447929382324,11.598197937011719,15.676473617553711,15.967185020446777,6.682497501373291,5.272428512573242,6.826505661010742,4.537752151489258,-3.1131176948547363,-6.0926971435546875,0.5190796852111816,1.6141932010650635,2.288433074951172,-0.690037727355957,0.5075857639312744,2.683393955230713,2.3562872409820557,0.022305943071842194,-0.14245319366455078,-0.4942615330219269,0,buka58.wav
124.62745070699137,51.24615690452216,7782.0,31129.0,-0.026135193184018135,0.024930758401751518,2.5699013157894735e-05,5.139802631578947e-05,7.70970394736842e-05,0.00010279605263157894,0.00012849506578947368,0.0001541940789473684,0.00017989309210526315,0.00020559210526315788,0.00023129111842105262,0.00025699013157894735,0.9999730334361726,0.062304526567459106,0.03926782263442874,40.45563702131257,1.0,-0.00031220750572908963,0.030345494021211884,-0.0006140421610325575,0.01969995629042387,-0.704900860786438,1.704900860786438,0.05659330786898614,1.1514950819298682,0.056592446687055466,0.0032027050220272153,-336.0373840332031,156.37646484375,1.6095157861709595,21.815635681152344,15.085145950317383,7.501638412475586,0.6865201592445374,6.8120951652526855,-3.6328418254852295,1.6122485399246216,-6.455790996551514,2.927086591720581,-4.385369777679443,74.48127746582031,17.202329635620117,27.510759353637695,18.337034225463867,14.179938316345215,9.277871131896973,5.29328727722168,6.375130653381348,10.478286743164062,8.775124549865723,7.264171600341797,7.8551764488220215,6.73557186126709,1.9257134199142456,0.12278130650520325,-1.135097861289978,-0.44924700260162354,-0.015086907893419266,0.34120258688926697,0.17138241231441498,-0.01446447242051363,-0.05291534960269928,0.33721616864204407,0.2400728464126587,0.12161614000797272,-0.12797608971595764,0,buka59.wav
557.5788278854612,170.83011788230053,10444.0,41779.0,-0.0634155124425888,0.06325168907642365,1.914828431372549e-05,3.829656862745098e-05,5.744485294117647e-05,7.659313725490196e-05,9.574142156862745e-05,0.00011488970588235294,0.00013403799019607844,0.00015318627450980392,0.00017233455882352942,0.0001914828431372549,0.9999584594182164,0.03302442133426675,0.10108839999884367,8.34325179905204,0.8782262206077576,-0.00013030782413357345,0.06960222062213393,2.8249652132217307e-05,0.05054589360952377,-1.0,1.8782262206077576,0.10332801132154157,-0.22558956675126618,0.10332792915536239,0.01067666094353559,-36.55026626586914,5.933578968048096,-1.2506121397018433,2.3759443759918213,-2.182018756866455,3.2504093647003174,-2.674893379211426,1.2599420547485352,-2.7313926219940186,3.0254499912261963,-1.9050614833831787,3.118393659591675,-1.8050628900527954,19.966894149780273,16.717998504638672,6.936811923980713,5.535979747772217,3.1793129444122314,3.494187355041504,3.6405727863311768,5.581610202789307,3.7682600021362305,5.596224784851074,5.814167499542236,3.483489990234375,3.149183988571167,-0.006627124268561602,-0.056021589785814285,0.025903042405843735,-0.02415565587580204,-0.04193207249045372,-0.013753493316471577,-0.011180701665580273,0.019795352593064308,-0.02598581090569496,-0.005364883225411177,-0.030285367742180824,-0.010821090079843998,0.04207123443484306,0,buka6.wav
1355.5046117068853,304.9204069806145,14225.0,56902.0,-0.09898433834314346,0.09732849150896072,1.4059160949274547e-05,2.8118321898549094e-05,4.217748284782364e-05,5.623664379709819e-05,7.029580474637273e-05,8.435496569564728e-05,9.841412664492183e-05,0.00011247328759419637,0.00012653244854347092,0.00014059160949274547,0.9999267303637958,-0.01904456317424774,0.15492987632751465,2.0837471203787903,1.0,0.00012346845960380389,0.10219704383336617,-0.0008282136986963451,0.07749288156628609,-0.8528082966804504,1.8528082966804504,0.13804802607596747,0.06413077678879418,0.13804797086161927,0.019057242259010485,-7.617004871368408,12.585017204284668,-2.1834733486175537,-0.2749238610267639,-2.451807737350464,3.5918142795562744,-2.9577982425689697,3.692986249923706,1.891192078590393,5.949585914611816,-4.273013114929199,-2.5943832397460938,-5.0642218589782715,15.994660377502441,12.032313346862793,5.697189807891846,7.562378406524658,3.2686221599578857,4.19308614730835,3.8108553886413574,4.007946014404297,7.745659351348877,7.316303253173828,4.022428512573242,5.939040660858154,3.817169666290283,0.06468465179204941,-0.011152075603604317,0.000880165898706764,0.006218969356268644,0.015004620887339115,-0.01226059440523386,-0.014207206666469574,0.011261043138802052,0.02243756130337715,0.036503665149211884,-9.640086500439793e-05,0.0024398984387516975,-0.0013695282395929098,0,buka60.wav
174.29865957562433,68.94895921106607,8089.0,32358.0,-0.027981746941804886,0.025995055213570595,2.4723101265822784e-05,4.944620253164557e-05,7.416930379746836e-05,9.889240506329114e-05,0.00012361550632911393,0.0001483386075949367,0.0001730617088607595,0.00019778481012658228,0.00022250791139240506,0.00024723101265822786,0.9999806141227404,0.097575631737709,0.0397609481588006,42.646384511399894,0.9955920577049255,-7.360912143381639e-05,0.034292954629066424,-0.001223315135575831,0.019951947033405304,-1.0,1.9955920577049255,0.06564452308597674,-0.9421316189393185,0.06564448181593464,0.004309197992882575,-323.3435974121094,153.39498901367188,14.452868461608887,14.265276908874512,23.28972816467285,1.9659206867218018,3.8551502227783203,2.0497536659240723,0.0710550993680954,-2.3817882537841797,-3.2322769165039062,0.028838586062192917,-5.822810649871826,79.5206069946289,16.586332321166992,26.72249412536621,20.330530166625977,13.92451286315918,8.711511611938477,5.614566326141357,5.9668869972229,7.858886241912842,8.37343978881836,5.13748025894165,9.147137641906738,6.01472282409668,0.6728768944740295,-0.22718286514282227,-1.0311028957366943,-0.5239545106887817,-0.19159726798534393,0.27713543176651,0.11912314593791962,0.18592996895313263,0.0332946702837944,0.1475209891796112,0.1329064667224884,0.17802873253822327,0.011255228891968727,0,buka61.wav
160.94675697150342,70.84119038111895,7270.0,29081.0,-0.028277577832341194,0.02626320905983448,2.750880281690141e-05,5.501760563380282e-05,8.252640845070422e-05,0.00011003521126760564,0.00013754401408450705,0.00016505281690140845,0.00019256161971830985,0.00022007042253521127,0.00024757922535211267,0.0002750880281690141,0.9999564209710962,0.0839445799589158,0.04015740938484669,42.52607860446575,0.9708083271980286,-8.477870243747091e-05,0.034726750452649016,-0.0012208131956867874,0.020191699091810733,-1.0,1.9708083271980286,0.06653910580665207,-0.9726225495742177,0.06653905179757563,0.0044274454141204535,-311.3543701171875,151.80467224121094,3.877562999725342,22.96452522277832,13.806681632995605,4.162731170654297,-0.028726764023303986,3.7038633823394775,-5.009123802185059,-1.56039559841156,-3.113525390625,-2.0745973587036133,-5.881223678588867,79.89704132080078,18.229934692382812,28.23444938659668,19.67315673828125,11.890350341796875,6.361234188079834,6.798573017120361,6.615787506103516,7.3448920249938965,8.414344787597656,5.652455806732178,7.954160690307617,6.184037208557129,2.8940138816833496,-0.17550718784332275,-1.3870911598205566,-0.47342342138290405,-0.14361415803432465,0.25340235233306885,0.014148030430078506,0.1740381121635437,0.03722258284687996,0.24715468287467957,0.19781452417373657,0.18534302711486816,-0.3255438208580017,0,buka62.wav
388.5580758105479,714.3432394540695,1740.0,6963.0,-0.11847446858882904,0.1297280639410019,0.00011488970588235294,0.00022977941176470588,0.00034466911764705885,0.00045955882352941176,0.0005744485294117647,0.0006893382352941177,0.0008042279411764705,0.0009191176470588235,0.0010340073529411765,0.0011488970588235295,0.9807383770998308,-0.009647679328918413,0.16369899362325668,1.6313417669248969,0.8006405830383301,3.728047763162526e-05,0.1422815730661886,0.0,0.08242318406701088,-1.0,1.80064058303833,0.21128493332011833,-0.24195601013155527,0.2112849300311142,0.044641321658252825,-155.28826904296875,148.3244171142578,-5.5969014167785645,3.6629910469055176,-10.830266952514648,7.55934476852417,4.748712539672852,-8.96323013305664,-7.832509994506836,6.85015869140625,4.614001274108887,10.647844314575195,-10.838333129882812,106.26556396484375,19.372148513793945,36.43660354614258,5.985382556915283,9.991482734680176,15.380428314208984,6.58047342300415,16.545682907104492,9.293508529663086,12.025054931640625,13.053922653198242,11.415657997131348,6.5087714195251465,0.8334727883338928,-2.113868474960327,-5.201718807220459,-0.5284726023674011,0.5535598397254944,2.743678569793701,0.44502273201942444,-0.9522548317909241,0.7704598307609558,1.2448455095291138,1.8765493631362915,0.7624089121818542,0.025979705154895782,0,buka63.wav
237.97113145149632,107.77983138177431,7065.0,28262.0,-0.019682155922055244,0.01936805061995983,2.8306159420289855e-05,5.661231884057971e-05,8.491847826086956e-05,0.00011322463768115942,0.00014153079710144928,0.00016983695652173913,0.000198143115942029,0.00022644927536231884,0.0002547554347826087,0.00028306159420289856,0.9999775177308666,0.028940010070800826,0.03027948597446084,32.34808539798701,0.8708000183105469,6.740597528153051e-05,0.0362949322104568,-0.00011991191058768891,0.015142517102503916,-1.0,1.8708000183105469,0.08207343531431353,-0.8798410891253584,0.08207340763442995,0.0067360442407273045,-155.48838806152344,15.91814136505127,-9.094985961914062,-5.646440029144287,-4.956088542938232,2.4793145656585693,-5.022695541381836,-1.3286736011505127,-2.6866581439971924,4.075833320617676,-2.642544984817505,-0.030780673027038574,-4.861352443695068,45.510292053222656,27.48735237121582,22.0192928314209,18.668100357055664,8.042020797729492,8.804224014282227,6.625462055206299,8.013559341430664,4.828109264373779,5.709000110626221,4.22169303894043,4.6354169845581055,4.672804355621338,-0.007948677986860275,-0.016973568126559258,0.04269669950008392,0.048276420682668686,0.01678227260708809,-0.058642007410526276,-0.013991091400384903,0.08829841017723083,-0.05077449977397919,-0.0383983738720417,0.026628000661730766,0.008341261185705662,0.0754828080534935,0,buka64.wav
227.94703821099262,323.8171545215202,2252.0,9011.0,-0.057379525154829025,0.0577598437666893,8.87784090909091e-05,0.0001775568181818182,0.00026633522727272725,0.0003551136363636364,0.00044389204545454544,0.0005326704545454545,0.0006214488636363636,0.0007102272727272727,0.0007990056818181819,0.0008877840909090909,1.0000000000000002,0.0336772859096528,0.0777236083522439,9.13566796218649,0.8794132471084595,-7.878868131488466e-05,0.08291822784269312,-0.00023242954921443015,0.038737752169254236,-1.0,1.8794132471084595,0.1422560206436149,-0.5197614612612366,0.14225599882500664,0.02023676920170029,-125.05243682861328,58.5264778137207,-27.87334632873535,-23.44463539123535,-9.487748146057129,4.384880065917969,-9.006207466125488,-11.19593334197998,-3.785992383956909,4.292858123779297,-2.6540634632110596,-3.537057399749756,-11.503891944885254,57.832923889160156,27.737226486206055,39.044918060302734,25.141864776611328,14.64880084991455,14.97335433959961,10.001779556274414,9.690162658691406,9.015008926391602,7.763442516326904,5.845695972442627,5.205076694488525,6.577365875244141,-0.6953277587890625,-2.3576128482818604,-2.7505125999450684,-0.7256126999855042,1.9666789770126343,2.0785396099090576,0.6812738180160522,-0.21711783111095428,-0.05773427337408066,0.8052688241004944,0.5237938761711121,0.5068464875221252,0.7371540665626526,0,buka65.wav
3168.3438669911943,730.7803467234515,13874.0,55496.0,-0.17553313076496124,0.17758329212665558,1.441545336600836e-05,2.883090673201672e-05,4.324636009802508e-05,5.766181346403344e-05,7.207726683004181e-05,8.649272019605016e-05,0.00010090817356205853,0.00011532362692806688,0.00012973908029407526,0.00014415453366008361,0.9999240282126015,-0.0990615665912628,0.2823615111410618,0.23032586456832815,1.0,0.0009555588444656343,0.16881731603197211,0.0003927667567040771,0.14114120602607727,-0.9982937574386597,1.9982937574386597,0.2137126885846747,-0.0019528171063248722,0.21371055231173058,0.04567220016938493,64.7408218383789,5.702726364135742,-1.0846986770629883,1.6680870056152344,-2.8416025638580322,3.39621639251709,-1.7894809246063232,1.5581821203231812,-2.5746469497680664,3.343899965286255,-1.411030650138855,2.8107357025146484,-2.50299072265625,10.545929908752441,8.581192016601562,3.1505935192108154,4.89271354675293,3.5137133598327637,3.0367684364318848,3.5380685329437256,3.121561288833618,2.6524524688720703,3.8597660064697266,4.000537395477295,2.7734904289245605,2.784405469894409,-0.01915246620774269,-0.05256504938006401,-0.0012485402403399348,-0.024366388097405434,-0.006872229743748903,0.037364959716796875,0.014555828645825386,-0.0051042260602116585,0.017275633290410042,-0.06527706980705261,0.0036511141806840897,-0.013637305237352848,-0.0546177476644516,0,buka66.wav
492.84986526258604,192.52417891553446,8192.0,32768.0,-0.07791166752576828,0.0764409676194191,2.44140625e-05,4.8828125e-05,7.32421875e-05,9.765625e-05,0.0001220703125,0.000146484375,0.0001708984375,0.0001953125,0.0002197265625,0.000244140625,0.9960409995224927,0.023068031668663114,0.12039261311292648,9.915702077634734,0.8601236939430237,-4.3311256454898136e-05,0.0733961864456005,-0.00012483187310863286,0.060132475569844246,-1.0,1.8601236939430237,0.1096926041884199,-0.41290358685096284,0.10969259563786618,0.01203246553777242,-242.97950744628906,133.66696166992188,12.772993087768555,14.624374389648438,-0.21614517271518707,4.392750263214111,-2.7206830978393555,7.332261085510254,-8.47901439666748,2.088808059692383,-2.8963375091552734,5.666896343231201,-6.569883823394775,92.78324127197266,29.640188217163086,21.09130859375,14.72728157043457,9.736776351928711,6.852661609649658,6.635944366455078,8.4317626953125,5.609652042388916,6.531424522399902,5.780314922332764,8.773091316223145,6.207773208618164,-0.38042280077934265,-0.15573006868362427,-0.17656606435775757,-0.02972288988530636,0.09882687032222748,0.2940807342529297,0.15129950642585754,0.2062484174966812,0.17877113819122314,-0.034510206431150436,0.007384117692708969,0.07823684811592102,0.13006147742271423,0,buka67.wav
1680.1985736818065,387.9806202757815,13858.0,55432.0,-0.12300125509500504,0.12177451699972153,1.4431888701274336e-05,2.886377740254867e-05,4.329566610382301e-05,5.772755480509734e-05,7.215944350637168e-05,8.659133220764602e-05,0.00010102322090892035,0.00011545510961019468,0.000129886998311469,0.00014431888701274336,0.9999317911941783,-0.059746530652046215,0.19513977319002151,1.0894792930195791,1.0,-0.00027681116254057796,0.12031120848808559,-0.00029492980684153736,0.09755518889869563,-0.9268118739128113,1.9268118739128113,0.15571910226884728,0.04431078689945767,0.1557188562345486,0.02424836218699601,26.76580047607422,9.3521146774292,-1.6311347484588623,0.6159965395927429,-2.5671732425689697,3.922494411468506,-1.8422878980636597,1.4624791145324707,-2.5015337467193604,3.677682399749756,-0.623911440372467,2.032139778137207,-3.971107006072998,14.322318077087402,11.27997875213623,5.152156352996826,6.504244804382324,3.45880389213562,4.013647556304932,3.881631851196289,3.5224575996398926,2.858004570007324,4.785580158233643,3.990785598754883,2.807732582092285,3.7264976501464844,-0.021662726998329163,-0.011417550034821033,0.018145013600587845,0.013663043268024921,0.03998289257287979,0.02265506610274315,0.03413819521665573,-0.02464350499212742,-0.013159752823412418,-0.008821884170174599,0.04787714406847954,0.0018138167215511203,-0.014327813871204853,0,buka68.wav
649.0691395226694,238.63384343304557,8704.0,34816.0,-0.04235606640577316,0.04228722304105759,2.2977941176470588e-05,4.5955882352941176e-05,6.893382352941176e-05,9.191176470588235e-05,0.00011488970588235294,0.00013786764705882353,0.00016084558823529412,0.0001838235294117647,0.0002068014705882353,0.00022977941176470588,0.9999701767042298,0.033229115605354353,0.059200259391218424,8.565586067117442,0.8785983920097351,-2.913862783370051e-05,0.07051903566570164,0.00031254264467861503,0.029576486806035973,-1.0,1.878598392009735,0.12212400463223551,-0.03825544195333864,0.12212400115601618,0.014914271658354643,-105.4791030883789,35.33967590332031,-7.4001898765563965,-2.778230667114258,-2.987807273864746,4.768726825714111,-1.98249351978302,-1.4883054494857788,-2.5998196601867676,6.517855644226074,2.459125280380249,0.37375974655151367,-9.17897891998291,53.45610809326172,31.856454849243164,19.18937110900879,11.98027229309082,4.6366801261901855,5.035018444061279,6.0391526222229,5.461030006408691,4.07895565032959,8.206524848937988,7.588519096374512,3.514072895050049,9.312395095825195,-0.06266141682863235,-0.051816102117300034,0.036949869245290756,0.11542849987745285,0.048780545592308044,-0.04761950299143791,-0.04762953892350197,0.002329879440367222,-0.03364977613091469,-0.009197168983519077,0.032505102455616,0.001247701235115528,0.022994088008999825,0,buka69.wav
1485.2551788907933,472.78535059391794,10053.0,40212.0,-0.1427273452281952,0.141734316945076,1.9894558838157762e-05,3.9789117676315525e-05,5.968367651447329e-05,7.957823535263105e-05,9.947279419078882e-05,0.00011936735302894658,0.00013926191186710435,0.0001591564707052621,0.00017905102954341988,0.00019894558838157763,0.9999414014160132,0.025190931558608964,0.22700387239456177,0.2886760395291841,0.8639835119247437,-0.0007286080689423617,0.13593347405801887,-0.0007020608172751963,0.11356271809199825,-1.0,1.8639835119247437,0.17189676130201356,-0.016658121723377706,0.17189521714231404,0.029547965676403293,44.539520263671875,6.967559337615967,2.1597845554351807,4.845588684082031,-1.41981041431427,2.8588309288024902,-3.4095563888549805,1.2067747116088867,-3.3117995262145996,2.339421033859253,-2.3780272006988525,2.0862619876861572,-3.228135824203491,9.92906379699707,8.751277923583984,4.887393951416016,5.12777853012085,3.645778179168701,2.650933265686035,2.9812347888946533,2.8658792972564697,2.794933319091797,2.8807590007781982,3.8956856727600098,3.2820792198181152,3.153912305831909,0.07323011010885239,0.019673166796565056,-0.04247239977121353,-0.05331942066550255,0.0012929451186209917,0.002345945220440626,-0.005564029794186354,-0.031218383461236954,-0.036141302436590195,0.004486284218728542,-0.0190567709505558,0.07745284587144852,0.05457736924290657,0,buka7.wav
190.26709624815925,76.21353745169607,7989.0,31956.0,-0.04036729037761688,0.0399957001209259,2.5034422330704718e-05,5.0068844661409435e-05,7.510326699211416e-05,0.00010013768932281887,0.00012517211165352359,0.0001502065339842283,0.00017524095631493304,0.00020027537864563774,0.00022530980097634247,0.00025034422330704717,0.9999541425925569,-0.036209252476692155,0.06439784541726112,27.523569358909874,0.7523468136787415,4.211286518087027e-05,0.04344282699098465,0.0001942680828506127,0.03220227196288761,-1.0,1.7523468136787415,0.06901613465787013,-0.5949465393800236,0.0690161218094718,0.004763225069619848,-80.53271484375,5.721097469329834,-2.0527126789093018,2.0426275730133057,-1.8480324745178223,2.531247138977051,-3.7696471214294434,1.2477478981018066,-2.7914295196533203,2.2950682640075684,-2.3321471214294434,2.283773422241211,-3.191493511199951,21.562484741210938,12.645469665527344,11.438677787780762,9.098989486694336,2.9757533073425293,3.1876916885375977,3.850757598876953,3.9766619205474854,2.4554479122161865,4.273495197296143,3.7189509868621826,2.6990408897399902,2.9239919185638428,-0.056904152035713196,-0.0327204167842865,-0.06560850143432617,1.572223482071422e-05,0.002516412176191807,0.027384256944060326,-0.007861587218940258,-0.02071097306907177,0.014263143762946129,0.08651837706565857,0.08319977670907974,0.010669420473277569,-0.09088584035634995,0,buka70.wav
3070.092968523536,660.9813162223018,14863.0,59453.0,-0.16971512138843536,0.16798850893974304,1.3455871469515723e-05,2.6911742939031445e-05,4.0367614408547166e-05,5.382348587806289e-05,6.727935734757862e-05,8.073522881709433e-05,9.419110028661006e-05,0.00010764697175612578,0.00012110284322564151,0.00013455871469515723,0.9999052017188097,-0.05190874636173248,0.2697554975748062,0.16841058948087273,1.0,-1.3803763606133191e-05,0.16121146694093338,0.0007977209170348942,0.1349280647118576,-0.9125613570213318,1.9125613570213318,0.2032505261590156,-0.006735678396646844,0.20325052569027416,0.04131077619337279,60.85299301147461,5.722584247589111,-0.5570570230484009,2.6506147384643555,-1.9606611728668213,3.8452398777008057,-1.6698248386383057,2.150580883026123,-2.3245644569396973,4.00714111328125,-0.5462380051612854,2.646284341812134,-3.3917295932769775,8.916232109069824,7.280829429626465,3.7720537185668945,3.6849093437194824,2.7466142177581787,3.020120143890381,3.0905838012695312,3.67322039604187,2.8049111366271973,3.112936019897461,3.8610634803771973,2.888193130493164,2.6714937686920166,0.026588205248117447,-0.028706707060337067,-0.00375506654381752,-0.012150158174335957,0.015357311815023422,0.012958602048456669,-0.02821565605700016,-0.0006346915033645928,-0.015155194327235222,-0.05131969600915909,-0.02963128499686718,-0.040452729910612106,-0.01582757569849491,0,buka71.wav
869.2673602602271,362.2041658419134,7680.0,30720.0,-0.08597062528133392,0.0880914255976677,2.604166666666667e-05,5.208333333333334e-05,7.8125e-05,0.00010416666666666667,0.00013020833333333333,0.00015625,0.00018229166666666667,0.00020833333333333335,0.000234375,0.00026041666666666666,0.9999828997460696,-0.0879954218864441,0.11842401791363955,4.807665616642105,1.0,-0.00012220743886482495,0.09642550430773311,-7.729707067483105e-05,0.05918789180213935,-0.9781734943389893,1.9781734943389893,0.15045654136696776,0.1780701872733175,0.15045649173582362,0.022637155905451966,-195.7483367919922,116.702880859375,-18.91803550720215,6.376926422119141,1.6163219213485718,13.448290824890137,-6.480978012084961,-6.745151519775391,4.018078327178955,3.8253414630889893,-6.311304092407227,-7.643080234527588,-1.675845742225647,148.49684143066406,26.702770233154297,31.567235946655273,13.470232009887695,10.92387580871582,12.906716346740723,10.057144165039062,6.820355415344238,11.42043399810791,8.970749855041504,6.633040428161621,7.4076995849609375,4.988866329193115,-0.17217998206615448,-0.41174381971359253,-0.36979350447654724,0.04250148683786392,-0.0440446138381958,0.2520509958267212,-0.008565709926187992,0.11886987090110779,0.03576172888278961,0.1973777860403061,0.15717685222625732,0.19409644603729248,0.10647702217102051,0,buka72.wav
793.516928018246,285.03403112255427,8908.0,35635.0,-0.06391943991184235,0.060014378279447556,2.244971264367816e-05,4.489942528735632e-05,6.734913793103448e-05,8.979885057471264e-05,0.0001122485632183908,0.00013469827586206896,0.00015714798850574712,0.00017959770114942528,0.00020204741379310345,0.0002244971264367816,0.9983217507689306,0.0008816510438918179,0.0756521625444293,6.283157587756662,0.8197848200798035,-8.588573127881323e-05,0.07852865830547746,-1.2374822745186975e-05,0.037830044175734656,-1.0,1.8197848200798035,0.13346994797295708,-0.0357938116256951,0.13346992033992167,0.017814219635545032,-239.54896545410156,122.0315170288086,-5.763397216796875,-0.2261013388633728,-3.881890058517456,-3.853388786315918,1.9065433740615845,8.675445556640625,-7.833160400390625,-0.9296969771385193,-4.482519626617432,1.2773029804229736,13.91068172454834,168.4571533203125,37.96363830566406,28.342538833618164,16.131216049194336,12.455403327941895,11.262066841125488,5.450352191925049,9.22305965423584,7.3941168785095215,5.807635307312012,6.148684501647949,6.162259101867676,17.03619384765625,-1.0296217203140259,-0.1823355108499527,-0.16524392366409302,-0.255317360162735,-0.06701990962028503,-0.015141427516937256,0.17855574190616608,0.05909910425543785,0.039273153990507126,0.03322542458772659,0.11155787110328674,0.11417972296476364,0.1207694262266159,0,buka73.wav
134.54387093622722,68.9283703685324,6246.0,24985.0,-0.027736937627196312,0.025538591668009758,3.201844262295082e-05,6.403688524590164e-05,9.605532786885246e-05,0.00012807377049180329,0.00016009221311475409,0.00019211065573770491,0.00022412909836065574,0.00025614754098360657,0.00028816598360655737,0.00032018442622950817,0.9999785553506845,0.0753167361021041,0.0391376786865294,43.323706551096876,0.9551213383674622,-8.287019022094456e-05,0.03400904425346653,-0.0010708041954785585,0.019651790149509907,-1.0,1.9551213383674622,0.06563448188141117,-0.9504572797166563,0.06563442956538028,0.004307878344372865,-298.5911865234375,142.53501892089844,0.026432622224092484,21.351163864135742,10.128504753112793,1.276824712753296,-0.5961506962776184,1.5218819379806519,-8.090056419372559,2.052394151687622,-6.345218658447266,-1.1327465772628784,-1.6039360761642456,80.9659423828125,21.799198150634766,30.786081314086914,17.67515754699707,9.72696304321289,5.992238998413086,7.234964847564697,6.538229942321777,11.055744171142578,6.9082489013671875,5.678806781768799,5.9716267585754395,4.978315830230713,2.1814639568328857,-0.7255898118019104,-1.4296984672546387,-0.32556354999542236,0.13068215548992157,0.1403467357158661,0.118044912815094,0.11413534730672836,0.2054475098848343,0.19497902691364288,0.029135214164853096,-0.3228077292442322,-0.087372325360775,0,buka74.wav
539.5932043928577,172.06758884475784,10035.0,40140.0,-0.0700315609574318,0.06979130953550339,1.992984693877551e-05,3.985969387755102e-05,5.978954081632653e-05,7.971938775510203e-05,9.964923469387755e-05,0.00011957908163265306,0.00013950892857142856,0.00015943877551020407,0.0001793686224489796,0.0001992984693877551,0.9999489459691847,0.024519708752632097,0.1101280115544796,7.998332713211163,0.8627631068229675,-3.8576580505431625e-05,0.0731586502029943,-0.0006347451126202941,0.05504064296837896,-1.0,1.8627631068229675,0.10370154276939694,-0.275915591906589,0.10370153559422589,0.0107540084846005,-50.69739532470703,21.241355895996094,8.247171401977539,6.633327484130859,-0.39329710602760315,2.754150390625,-3.7261815071105957,0.7304250597953796,-2.8457703590393066,4.04081916809082,-1.4626185894012451,1.4366039037704468,-4.148040294647217,23.000112533569336,18.6416015625,11.520959854125977,9.99254035949707,3.8237342834472656,3.8578290939331055,3.8887805938720703,4.706089496612549,3.77518630027771,5.432821750640869,4.581567764282227,3.236051321029663,3.872424602508545,-0.016523919999599457,-0.03333371505141258,0.0016261363634839654,0.051538676023483276,-0.008507929742336273,-0.025213345885276794,-0.011228368617594242,0.0041327751241624355,0.005127768497914076,0.05822017043828964,0.059033215045928955,0.008372432552278042,-0.010358300991356373,0,buka75.wav
1894.6657739364935,736.8835504748266,8228.0,32912.0,-0.1444832682609558,0.15410856902599335,2.4307243558580455e-05,4.861448711716091e-05,7.292173067574138e-05,9.722897423432182e-05,0.00012153621779290228,0.00014584346135148275,0.0001701507049100632,0.00019445794846864364,0.00021876519202722412,0.00024307243558580456,0.9998947604386695,0.06787925958633423,0.21558641828596592,1.4488506525249143,0.941598653793335,-2.4377357851952278e-05,0.15320285815603182,0.0005282487545628101,0.10792680343729444,-1.0,1.941598653793335,0.2146021957697094,-0.18200846203042725,0.21460219438515793,0.04605410183492511,-157.1154022216797,142.1168975830078,0.6214659810066223,8.441163063049316,-6.185994625091553,7.13709831237793,0.016186784952878952,-9.013092041015625,-6.373079299926758,8.67031478881836,1.4699169397354126,6.294239521026611,-10.553901672363281,91.41867065429688,20.353527069091797,28.412067413330078,15.723299980163574,13.263799667358398,10.193168640136719,6.231124401092529,13.627039909362793,6.796000957489014,13.561628341674805,8.802910804748535,13.41722297668457,7.5617241859436035,-0.0829998180270195,0.18856146931648254,0.09740569442510605,0.08275853097438812,-0.051637809723615646,-0.03432857245206833,-0.06501509249210358,-0.1251406967639923,-0.05224888399243355,-0.06350967288017273,0.046219825744628906,0.005794331431388855,0.07475956529378891,0,buka76.wav
832.3008647589268,265.884273457978,10017.0,40068.0,-0.10373301804065704,0.10370912402868271,1.9965659066405783e-05,3.9931318132811565e-05,5.989697719921735e-05,7.986263626562313e-05,9.982829533202891e-05,0.0001197939543984347,0.00013975961346484046,0.00015972527253124626,0.00017969093159765203,0.00019965659066405783,0.9999616343084412,-0.02091360092163086,0.1662570908665657,1.0757709899243872,0.7801570892333984,-0.00012914181292435304,0.10052451986868541,-0.001333939901087433,0.0831574872136116,-1.0,1.7801570892333984,0.12890863162120464,0.02171779370865396,0.12890856693348038,0.016617418628843594,12.622326850891113,2.8622303009033203,-0.8027669191360474,3.033094644546509,-2.5051941871643066,2.5226173400878906,-2.610548734664917,2.2295472621917725,-2.946145534515381,2.008066177368164,-2.3571958541870117,3.073847532272339,-2.2073795795440674,9.930876731872559,8.597451210021973,4.4832940101623535,3.7538492679595947,3.2124009132385254,3.080000638961792,3.2996768951416016,3.7238616943359375,3.9364736080169678,3.435269832611084,3.9634242057800293,4.294251441955566,3.435377597808838,0.2160354107618332,0.06596114486455917,0.07615509629249573,0.09588336944580078,0.03771271929144859,-0.01716540940105915,-0.030221002176404,0.11228952556848526,0.09735925495624542,0.010915935970842838,-0.05095681548118591,0.018688403069972992,0.05070042610168457,0,buka77.wav
512.6493984910213,181.80668445465778,9023.0,36093.0,-0.08011453598737717,0.0803423598408699,2.2164594277101758e-05,4.4329188554203516e-05,6.649378283130527e-05,8.865837710840703e-05,0.00011082297138550879,0.00013298756566261055,0.0001551521599397123,0.00017731675421681407,0.00019948134849391582,0.00022164594277101758,0.9999627278211907,-0.04244684875011445,0.12849070131778717,5.021810916964331,1.0,5.312826824411802e-05,0.07956997404510746,-0.00044539416558109224,0.06417536581284367,-0.8953579068183899,1.89535790681839,0.10659580631504106,0.08945449668814762,0.10659579307524694,0.011362663101340863,-11.909097671508789,4.92341423034668,-0.6396921277046204,4.083076477050781,-0.8536343574523926,3.1244091987609863,-3.4269559383392334,2.236293315887451,-1.6555883884429932,3.3823413848876953,-3.0298256874084473,1.1345655918121338,-3.504288911819458,13.271696090698242,8.30418586730957,6.354878902435303,6.67808723449707,3.230841636657715,3.030574083328247,3.156296491622925,2.739976406097412,3.5906941890716553,4.362923622131348,2.9249794483184814,4.152743816375732,3.9817798137664795,-0.01166823972016573,-0.06293446570634842,-0.015094636939466,-0.09686506539583206,-0.07806320488452911,-0.010674995370209217,0.01927271857857704,-0.014013330452144146,0.03246196359395981,-0.0409889742732048,-0.08688440173864365,-0.09585180133581161,-0.030519619584083557,0,buka78.wav
770.2583076916426,376.11416739604726,6553.0,26214.0,-0.09327258169651031,0.09669427573680878,3.0517578125e-05,6.103515625e-05,9.1552734375e-05,0.0001220703125,0.000152587890625,0.00018310546875,0.000213623046875,0.000244140625,0.000274658203125,0.00030517578125,0.9999593098958334,-0.05975521802902223,0.13493439182639122,3.275453606028857,1.0,-0.00041769283869210784,0.1030512881848876,-0.0007191987824626267,0.0676427652942948,-0.9268276691436768,1.9268276691436768,0.15331802921186402,-0.07396339724284647,0.15331746023888634,0.023506243614102494,-212.26002502441406,138.98721313476562,3.4961819648742676,13.36919116973877,-1.669352650642395,-0.9460920691490173,2.1261146068573,-3.3001699447631836,-4.891622543334961,-1.4423915147781372,-0.6609188914299011,1.7479532957077026,-10.060759544372559,85.66211700439453,34.565467834472656,24.725074768066406,14.571731567382812,8.823431968688965,8.957364082336426,8.865592956542969,8.009675979614258,6.246720790863037,7.643119812011719,7.635223388671875,4.709129810333252,5.640854835510254,-1.9465179443359375,-0.46914225816726685,-0.15822266042232513,-0.028249675408005714,0.2285138964653015,0.3848485052585602,0.2004007250070572,0.229100301861763,0.12275634706020355,-0.0899963229894638,0.1371750384569168,0.1593463271856308,0.049085039645433426,0,buka79.wav
344.42640761448706,717.6484596733679,1536.0,6144.0,-0.12208051979541779,0.13108767569065094,0.00013020833333333333,0.00026041666666666666,0.000390625,0.0005208333333333333,0.0006510416666666666,0.00078125,0.0009114583333333333,0.0010416666666666667,0.001171875,0.0013020833333333333,0.9976696999105384,-0.008239111304283231,0.17023387737572193,1.507319601908561,0.8032016158103943,-7.054013840474526e-05,0.1444093416957222,-4.752293177034961e-11,0.08618832007050514,-1.0,1.8032016158103943,0.2117715478799493,-0.24305623413750446,0.2117715361316495,0.04484718351555853,-139.13101196289062,145.40130615234375,-13.750831604003906,1.0480287075042725,-9.208438873291016,10.33023452758789,-1.2086396217346191,-12.120767593383789,2.3166661262512207,9.16262435913086,6.242095947265625,-1.6758884191513062,-6.283436298370361,96.17292785644531,22.051950454711914,32.72274398803711,5.952795505523682,10.662796974182129,14.95682430267334,13.498014450073242,13.036735534667969,12.511789321899414,16.535741806030273,8.680720329284668,6.269459247589111,7.706284046173096,0.9388103485107422,-3.8795571327209473,-5.44394588470459,0.3855143189430237,1.0098797082901,3.0166702270507812,-0.8789279460906982,0.05605170130729675,2.159116506576538,2.576206684112549,0.9250049591064453,-0.06058851629495621,-0.5141724348068237,0,buka8.wav
122.3984213594797,127.5066567974266,3072.0,12288.0,-0.02202732115983963,0.019370893016457558,6.510416666666667e-05,0.00013020833333333333,0.0001953125,0.00026041666666666666,0.0003255208333333333,0.000390625,0.0004557291666666667,0.0005208333333333333,0.0005859375,0.0006510416666666666,0.9999999999999999,-0.021116846799850486,0.028270115377381444,24.768447459445774,1.0,-0.0001507314282432485,0.03905828218578004,-0.00015531634562648833,0.014197412878274918,-0.8565760850906372,1.8565760850906372,0.0892672796937627,0.16875084397337406,0.08926715243560197,0.007968624503960998,-328.0917663574219,145.8954620361328,-16.04801368713379,7.824679851531982,6.240882396697998,2.6806509494781494,0.4161875247955322,2.479138135910034,-5.682633876800537,-1.3256081342697144,0.6126372814178467,-0.12431512027978897,-8.873547554016113,115.30722045898438,22.839033126831055,46.34846496582031,19.7869873046875,10.236655235290527,8.373235702514648,10.565293312072754,10.033483505249023,5.717019081115723,10.673404693603516,6.707631587982178,7.202967643737793,7.588284492492676,1.767747402191162,-0.9379469156265259,-2.1749165058135986,-0.5866743326187134,0.18164074420928955,0.6547840237617493,0.32445427775382996,0.9480666518211365,0.5474376082420349,0.5938501954078674,0.5001212954521179,-0.21683797240257263,-0.6094656586647034,0,buka80.wav
191.36066052145208,199.34699969680534,3072.0,12288.0,-0.027863148599863052,0.02859201282262802,6.510416666666667e-05,0.00013020833333333333,0.0001953125,0.00026041666666666666,0.0003255208333333333,0.000390625,0.0004557291666666667,0.0005208333333333333,0.0005859375,0.0006510416666666666,0.9999999999999999,-0.08831783831119538,0.03618523571640253,17.305203299289587,1.0,-0.0001774241705085074,0.051565855376523737,-0.0003154061269015074,0.018069189973175526,-0.9787597060203552,1.9787597060203552,0.11161709697009699,-0.22858016359324135,0.11161695595515835,0.012458344856695757,-320.8886413574219,157.44366455078125,-0.6112666130065918,5.071866512298584,6.148626804351807,2.0850276947021484,-3.6470870971679688,2.760253429412842,-1.1575404405593872,-2.496837854385376,-3.370407819747925,0.3205491602420807,-0.6124869585037231,112.3323974609375,25.04020118713379,44.04043960571289,24.73961639404297,17.181568145751953,9.1782865524292,7.434469699859619,6.830234527587891,7.8240485191345215,5.939610004425049,6.121751308441162,8.101934432983398,9.782157897949219,1.8501206636428833,-0.3386920094490051,-2.2515995502471924,-1.1587481498718262,-0.6467419266700745,0.6621505618095398,0.415088415145874,0.437887966632843,0.3828159272670746,0.10562807321548462,0.4053860008716583,0.6487880945205688,0.43370935320854187,0,buka81.wav
437.31065714318987,719.3348940362946,1945.0,7782.0,-0.1168983206152916,0.1283724009990692,0.00010279605263157894,0.00020559210526315788,0.0003083881578947368,0.00041118421052631577,0.0005139802631578947,0.0006167763157894736,0.0007195723684210526,0.0008223684210526315,0.0009251644736842105,0.0010279605263157894,0.9882648439502845,-0.008364570140838579,0.1653840709477663,1.6375671134583252,0.8029735088348389,-8.389365484828982e-05,0.14281195952298176,0.0,0.0830611065030098,-1.0,1.8029735088348389,0.21202313394542993,-0.24791948068446182,0.2120231173478411,0.0449538022898964,-167.71258544921875,150.3967742919922,7.088002681732178,0.13009963929653168,-4.170435428619385,-2.4724106788635254,12.737665176391602,-2.855381727218628,-10.993514060974121,1.4566519260406494,-3.098116397857666,17.20882225036621,-3.7221901416778564,110.63533020019531,19.872997283935547,37.64076614379883,9.262818336486816,9.278812408447266,14.926519393920898,7.876173496246338,12.843924522399902,11.579418182373047,9.141730308532715,10.990309715270996,14.143692970275879,9.751830101013184,-4.9591064453125e-05,-0.9780953526496887,-4.80732536315918,-0.5590633153915405,-0.599695086479187,2.400226354598999,1.4061434268951416,-0.31322091817855835,-0.012976622208952904,0.17606830596923828,1.1155729293823242,1.0517520904541016,0.7180637717247009,0,buka82.wav
471.5962674168069,144.40119949992174,10451.0,41804.0,-0.054973553866147995,0.05549370497465134,1.913692469620132e-05,3.827384939240264e-05,5.741077408860396e-05,7.654769878480529e-05,9.56846234810066e-05,0.00011482154817720792,0.00013395847287340923,0.00015309539756961057,0.00017223232226581188,0.0001913692469620132,0.9999584863296791,-0.011472061276435852,0.08756561391055584,10.617713396638411,0.7973235249519348,2.7700547675329342e-05,0.06178836288009829,0.00021575794380623847,0.043787698887172155,-1.0,1.7973235249519348,0.09499948555947581,-0.4637334165421073,0.09499948152092574,0.009024901489244713,-50.66506576538086,6.371399402618408,-0.9218243956565857,2.3239729404449463,-2.680793285369873,2.286702871322632,-4.196788787841797,0.2919352948665619,-3.1063904762268066,3.5320591926574707,-1.3346593379974365,2.470949172973633,-3.495619297027588,21.239696502685547,17.766250610351562,7.301855564117432,5.226350784301758,3.0620784759521484,3.654026508331299,3.8160150051116943,6.205653190612793,4.177426815032959,5.5320868492126465,5.82391357421875,3.9620518684387207,3.0647799968719482,0.06352373957633972,0.00691109849140048,-0.049288444221019745,-0.020437898114323616,0.06509635597467422,-0.017851311713457108,0.004506539087742567,0.02565794251859188,-0.01175626739859581,-0.00023921021784190089,-0.00401608319953084,0.006792816333472729,0.006336564663797617,0,buka83.wav
2093.9478128560904,686.3996108522321,9762.0,39048.0,-0.16031821072101593,0.16327883303165436,2.0487185265616357e-05,4.0974370531232715e-05,6.146155579684907e-05,8.194874106246543e-05,0.00010243592632808179,0.00012292311159369814,0.0001434102968593145,0.00016389748212493086,0.0001843846673905472,0.00020487185265616358,0.9999500149531646,0.0849212378263473,0.25558440387248993,0.7068996441025082,0.972584068775177,0.0001233215867350803,0.1600965349190416,0.0021057880949229,0.1278459883760661,-1.0,1.972584068775177,0.20712097136339164,-0.06195018661130952,0.20712093465002795,0.042899081570301145,41.63113021850586,15.642970085144043,3.7500152587890625,4.3635125160217285,-1.4870630502700806,3.010045051574707,-4.622950077056885,0.2971228063106537,-1.6613693237304688,5.99435567855835,0.4784463942050934,1.647411823272705,-5.773470401763916,14.205954551696777,12.721333503723145,7.798058032989502,7.09868049621582,5.2265305519104,3.5080840587615967,3.5639774799346924,3.948028087615967,4.410933494567871,8.056336402893066,7.569732189178467,4.710458755493164,3.9888291358947754,0.010197113268077374,0.004289865493774414,0.06747765839099884,0.10956766456365585,0.07756365090608597,-0.08272961527109146,-0.07966931164264679,-0.02449204958975315,0.05404721572995186,0.024686699733138084,0.002645134925842285,0.049711018800735474,-0.009494674392044544,0,buka84.wav
221.32019731592533,85.73940478571475,8260.0,33041.0,-0.022341972216963768,0.021831028163433075,2.4211902571304055e-05,4.842380514260811e-05,7.263570771391216e-05,9.684761028521622e-05,0.00012105951285652027,0.00014527141542782431,0.00016948331799912836,0.00019369522057043244,0.00021790712314173649,0.00024211902571304053,0.9999778943318438,0.04445708990097036,0.034145151264965534,13.482610339570538,0.6068570613861084,-0.0004696029657383012,0.038503635696411284,-0.000104058923170669,0.01707569641803275,-1.0,1.6068570613861084,0.07320234323076669,-0.5537917332345383,0.0732008369318927,0.0053583625275295445,-147.67141723632812,20.853981018066406,-0.9701905250549316,-0.3156699240207672,-3.8528895378112793,2.713784694671631,-3.500135898590088,-0.9710490703582764,-3.493140697479248,5.395598411560059,-0.5840756893157959,0.6407220363616943,-4.485813617706299,39.28620529174805,29.90694236755371,14.154958724975586,10.420377731323242,4.774385452270508,4.931022644042969,4.419827938079834,8.421345710754395,5.822352886199951,8.470877647399902,7.610055923461914,3.963609218597412,4.9561028480529785,-1.0386736392974854,-0.8477576971054077,-0.22649241983890533,-0.07799862325191498,-0.07237038016319275,-0.038458824157714844,0.07713204622268677,-0.01603085547685623,-0.19739596545696259,-0.04283861443400383,-0.02098766714334488,-0.047501932829618454,-0.12000427395105362,0,buka85.wav
274.9974907037678,126.3811532747461,6963.0,27852.0,-0.036917559802532196,0.036280713975429535,2.8722426470588235e-05,5.744485294117647e-05,8.616727941176471e-05,0.00011488970588235294,0.00014361213235294118,0.00017233455882352942,0.00020105698529411764,0.00022977941176470588,0.0002585018382352941,0.00028722426470588236,0.9999733478070617,0.09010652005672459,0.053721767384558916,27.365450355218407,0.9820118546485901,-8.784751025849597e-05,0.04684372290421632,0.0002951463684439659,0.02685264963656664,-1.0,1.98201185464859,0.08887404124003388,0.12739326913008195,0.08887399782360521,0.007898587489150184,-283.1214294433594,144.67218017578125,-8.758554458618164,25.923583984375,3.7498557567596436,0.8720481991767883,1.5887775421142578,-1.7863433361053467,-2.3934402465820312,-0.5563982725143433,-2.353102207183838,-2.703136682510376,1.9680421352386475,78.01598358154297,23.75190544128418,32.50389862060547,15.641449928283691,10.233606338500977,7.740037441253662,7.221136093139648,7.44435977935791,10.288531303405762,6.963891983032227,5.00010347366333,6.3990068435668945,3.461054563522339,1.82600998878479,-0.5872611999511719,-1.2928886413574219,-0.25449976325035095,0.21156612038612366,0.0029083818662911654,0.0036003070417791605,0.13087520003318787,0.19838720560073853,0.040414780378341675,-0.22954663634300232,-0.27425020933151245,0.1610173135995865,0,buka86.wav
943.7657350273922,336.7810460208817,8967.0,35870.0,-0.1118093952536583,0.11122025549411774,2.230251126276819e-05,4.460502252553638e-05,6.690753378830456e-05,8.921004505107276e-05,0.00011151255631384094,0.00013381506757660912,0.0001561175788393773,0.00017842009010214551,0.0002007226013649137,0.00022302511262768188,0.9999451545684581,-0.000880667567253135,0.17660028859972954,1.458021973354108,1.0,0.00019141493238820166,0.11081286963941114,-0.0002375726617174223,0.08829120574228,-0.8197830319404602,1.8197830319404602,0.14508048088858513,0.054688412262788574,0.14508035461490565,0.021048309295186775,11.744091987609863,10.957759857177734,-0.6577135324478149,0.6829412579536438,-4.071676254272461,2.328888177871704,-1.4496220350265503,2.538672685623169,-2.867403030395508,3.9079103469848633,0.78277987241745,5.923094272613525,-1.943362832069397,15.222570419311523,11.979223251342773,6.003162384033203,6.846634864807129,4.6818461418151855,3.0950825214385986,3.292271375656128,4.521581172943115,3.7783732414245605,2.689584255218506,4.79417610168457,5.64120626449585,3.5457770824432373,0.06522912532091141,-0.054671525955200195,-0.028259767219424248,0.021549193188548088,0.01603107340633869,0.015443146228790283,0.07224885374307632,-0.004809794016182423,-0.03636496514081955,0.016434870660305023,0.05877111852169037,0.036785125732421875,-0.04949831962585449,0,buka87.wav
1849.22145071833,606.1778982071969,9762.0,39048.0,-0.1375095099210739,0.14398999512195587,2.0487185265616357e-05,4.0974370531232715e-05,6.146155579684907e-05,8.194874106246543e-05,0.00010243592632808179,0.00012292311159369814,0.0001434102968593145,0.00016389748212493086,0.0001843846673905472,0.00020487185265616358,0.9999526457451033,0.09253098666667947,0.21993007510900497,1.290543038768523,0.9864199757575989,0.0004304017219018538,0.1459243985540209,0.0035315249115228653,0.10995290242135525,-1.0,1.9864199757575989,0.194641574330918,-0.14736863135384473,0.19464109846683475,0.037885157212376064,18.244848251342773,21.379150390625,6.047605037689209,4.352888107299805,-1.843243956565857,2.7945051193237305,-4.39066743850708,-1.3633683919906616,-1.6834665536880493,7.031814098358154,0.6966779232025146,1.078460693359375,-6.663292407989502,17.886472702026367,15.567388534545898,9.669717788696289,9.994966506958008,4.877366542816162,3.7643141746520996,4.618432521820068,5.078120708465576,4.080674171447754,8.685364723205566,8.474422454833984,5.091677188873291,4.011038780212402,0.14275264739990234,0.09628220647573471,0.10224416851997375,0.003967352211475372,-0.032629817724227905,0.020334770902991295,-0.023948045447468758,-0.0916961133480072,-0.03326360136270523,-0.012685065157711506,-0.0431407131254673,0.02310837246477604,0.05542278289794922,0,buka88.wav
105.60045290944788,66.00286130517466,5120.0,20480.0,-0.016302265226840973,0.01290226075798273,3.90625e-05,7.8125e-05,0.0001171875,0.00015625,0.0001953125,0.000234375,0.0002734375,0.0003125,0.0003515625,0.000390625,0.8862336288223748,0.059743884205818276,0.010558936512097716,9.397229724044312,0.6303752064704895,-0.0008507459718286541,0.03375653458885896,0.0,0.005335216177627444,-1.0,1.6303752064704895,0.06422630062346195,-0.43663756970809214,0.06422066585661289,0.004124293923066725,-352.99755859375,95.64557647705078,-20.57662010192871,1.26939857006073,-2.5214693546295166,4.930943012237549,1.938725471496582,-7.365025043487549,4.415401458740234,2.451972007751465,-7.114622592926025,-3.4068613052368164,-0.2375304251909256,165.1033935546875,51.756771087646484,28.865432739257812,8.545144081115723,10.756879806518555,8.6231689453125,11.03903579711914,15.085378646850586,11.623022079467773,11.22719669342041,7.423453330993652,7.975520133972168,6.012616157531738,-3.751722812652588,0.03321518003940582,-0.7881854176521301,-0.38539090752601624,0.13980503380298615,0.3908432722091675,0.23439687490463257,-0.3984988331794739,-0.2700102627277374,-0.08946631848812103,-0.14125308394432068,-0.4910930097103119,-0.02262883074581623,0,buka89.wav
195.05056098029206,75.56255237608467,8260.0,33041.0,-0.042188163846731186,0.040039561688899994,2.4211902571304055e-05,4.842380514260811e-05,7.263570771391216e-05,9.684761028521622e-05,0.00012105951285652027,0.00014527141542782431,0.00016948331799912836,0.00019369522057043244,0.00021790712314173649,0.00024211902571304053,0.9999652625214689,0.0675654411315918,0.06475355289876461,7.936289479103472,0.6424083709716797,-0.0006935824451674095,0.046446020515844934,-0.0010809210943989456,0.03238547797081992,-1.0,1.6424083709716797,0.06872077690868339,0.18347391477169947,0.06871727673827585,0.004722064122324787,-84.8358383178711,11.120715141296387,-0.09778750687837601,0.5090255737304688,-3.6533267498016357,2.2753732204437256,-3.018918991088867,0.006334151607006788,-5.487639427185059,2.7714645862579346,0.3421521484851837,3.272913694381714,-3.496161460876465,20.060367584228516,18.33803939819336,9.131696701049805,8.996623039245605,4.917327404022217,3.1777191162109375,3.589857578277588,6.419055938720703,7.046576976776123,3.4605844020843506,6.75131368637085,5.140201568603516,3.3420767784118652,-0.526742696762085,-0.5313031077384949,-0.1656729280948639,-0.07088744640350342,-0.014197273179888725,-0.027023928239941597,0.054385531693696976,-0.005952357780188322,-0.15027374029159546,-0.04376593232154846,0.03437235951423645,0.01533072255551815,-0.055090729147195816,0,buka9.wav
166.04021515047083,68.2520666531583,7785.0,31140.0,-0.04251255840063095,0.04090014100074768,2.5690430314707772e-05,5.1380860629415545e-05,7.707129094412332e-05,0.00010276172125883109,0.00012845215157353886,0.00015414258188824664,0.0001798330122029544,0.00020552344251766218,0.00023121387283236994,0.0002569043031470777,0.9999629345296682,0.0557603657245635,0.06595595553517342,8.04622384496274,0.6242467164993286,-0.000575698873347181,0.04529750392539612,-0.0007671272032894194,0.0329513555043377,-1.0,1.6242467164993286,0.06531190225955953,-0.04707505753775274,0.06530936493007326,0.004265313147569483,-82.63793182373047,8.92468547821045,-1.6396578550338745,0.34370964765548706,-3.7988297939300537,2.526064395904541,-3.7116029262542725,-0.2958442270755768,-2.838080883026123,4.8213419914245605,-0.8404467701911926,1.1771111488342285,-4.748113632202148,19.115070343017578,16.195037841796875,8.471087455749512,8.382792472839355,3.995835781097412,2.9686439037323,4.809271812438965,6.731433868408203,3.885547161102295,7.304192066192627,6.062982082366943,3.6386396884918213,4.868616104125977,-0.7814577221870422,-0.6436177492141724,-0.2017783373594284,-0.007154851220548153,-0.08121026307344437,-0.08492078632116318,0.0011305066291242838,-0.046367596834897995,-0.10673235356807709,-0.09012459218502045,0.0805082619190216,0.01424382533878088,-0.11249744147062302,0,buka90.wav
130.26046406354902,140.37633360387852,2969.0,11878.0,-0.02403167635202408,0.02137504704296589,6.734913793103448e-05,0.00013469827586206896,0.00020204741379310345,0.00026939655172413793,0.00033674568965517244,0.0004040948275862069,0.0004714439655172414,0.0005387931034482759,0.0006061422413793104,0.0006734913793103449,0.9999708402812986,0.003898006677627519,0.02864097198471427,25.22725338532798,0.8252691030502319,-8.942508606623008e-05,0.04128837991256279,-0.000213544255529996,0.014344621449708939,-1.0,1.825269103050232,0.09366392027443932,-0.3173126818803012,0.09366387758538779,0.008772921964330507,-314.9037170410156,149.52841186523438,-20.63706398010254,9.349165916442871,2.518829584121704,1.9001383781433105,-0.11583344638347626,1.260082721710205,-7.995974540710449,-1.4150470495224,-1.0534236431121826,-2.9996566772460938,-8.800673484802246,114.86148834228516,25.25655746459961,44.19630813598633,19.926631927490234,8.829471588134766,8.27727222442627,11.632109642028809,8.951099395751953,5.041474342346191,10.60427188873291,5.640908718109131,5.4000654220581055,7.642131328582764,0.17218348383903503,-1.4857685565948486,-1.9013363122940063,-0.9403660893440247,0.37944501638412476,0.9546874165534973,0.1450003683567047,0.8588115572929382,0.3151325285434723,0.4998280704021454,0.14370116591453552,-0.3654091954231262,-0.529098391532898,0,buka91.wav
1643.6475481666114,737.2889840103671,7134.0,28536.0,-0.14359502494335175,0.15444007515907288,2.8034763106251752e-05,5.6069526212503504e-05,8.410428931875525e-05,0.00011213905242500701,0.00014017381553125876,0.0001682085786375105,0.00019624334174376227,0.00022427810485001402,0.00025231286795626576,0.0002803476310625175,0.9999703383385028,-0.03962453305721281,0.2102252896875143,1.3161904003170912,1.0,-0.0005922280636022954,0.15302054244064103,-0.0021422207355499268,0.10482108220458031,-0.890226423740387,1.890226423740387,0.21466082465839562,-0.06952272453183075,0.21466000770740495,0.04607891890894315,-163.54953002929688,145.1796875,-4.504931449890137,7.5229010581970215,-5.6973876953125,7.811544418334961,-1.8485397100448608,-10.591568946838379,-0.3005496561527252,8.507515907287598,2.2060015201568604,2.5083272457122803,-13.3385009765625,89.37016296386719,25.28801918029785,30.56185531616211,13.064947128295898,13.66168212890625,10.154704093933105,9.161362648010254,10.467222213745117,10.477087020874023,14.0134916305542,9.225828170776367,9.296223640441895,9.017871856689453,-0.45406287908554077,0.19148153066635132,0.2378874123096466,0.14036336541175842,-0.17799551784992218,-0.194154292345047,-0.09950889647006989,-0.09628669917583466,-0.09087838232517242,-0.06473763287067413,0.10981015861034393,-0.07965925335884094,0.08709955215454102,0,buka92.wav
607.4390524230437,292.0467814167703,6656.0,26624.0,-0.06525819003582001,0.061363644897937775,3.0048076923076925e-05,6.009615384615385e-05,9.014423076923077e-05,0.0001201923076923077,0.00015024038461538462,0.00018028846153846155,0.00021033653846153847,0.0002403846153846154,0.0002704326923076923,0.00030048076923076925,0.999944974331227,0.008350303769111722,0.0766829987987876,6.262219966887102,0.8333641886711121,-8.993327652544883e-05,0.07962045130596364,-2.293144916620804e-05,0.038329034618982405,-1.0,1.833364188671112,0.13510135222598096,-0.03548669448951764,0.13510132229291597,0.01825236728529435,-226.7921142578125,114.71952819824219,-28.68096160888672,7.172374248504639,-7.896701812744141,8.442520141601562,-0.4955171048641205,-6.2819013595581055,-4.416149616241455,8.211845397949219,2.4299025535583496,3.0994057655334473,-15.736664772033691,165.3720703125,33.53080749511719,38.58958435058594,11.622075080871582,12.421978950500488,7.409833908081055,12.40687084197998,5.222301959991455,5.39573860168457,11.54753303527832,6.925038814544678,4.849339008331299,16.60830307006836,-0.8258472681045532,-0.14900316298007965,-0.4612196683883667,-0.3551304340362549,-0.019117960706353188,0.22461742162704468,0.21552452445030212,0.03657238557934761,0.22546684741973877,0.27082696557044983,0.201859712600708,-0.006375088822096586,-0.27153754234313965,0,buka93.wav
205.839478558835,128.65469967347786,5120.0,20480.0,-0.01887083612382412,0.016230622306466103,3.90625e-05,7.8125e-05,0.0001171875,0.00015625,0.0001953125,0.000234375,0.0002734375,0.0003125,0.0003515625,0.000390625,0.8304325597675306,0.04898142218589785,0.014400347135961056,8.382060005337335,0.613817572593689,-0.0009299638397635323,0.045854965037222986,0.0,0.007123470539227128,-1.0,1.613817572593689,0.08966941859521836,-0.4715331863987707,0.08966459612612564,0.008039739798461225,-325.3617248535156,103.83367156982422,-15.89200496673584,1.3432823419570923,-3.1640756130218506,1.8149160146713257,3.081331729888916,-5.04267692565918,-4.970748424530029,9.734356880187988,-3.617419481277466,-0.7065702080726624,-9.236156463623047,170.45408630371094,55.680213928222656,29.710052490234375,9.69623851776123,9.649621963500977,10.40226936340332,7.271781921386719,13.570779800415039,9.14413070678711,13.678709030151367,7.981529235839844,6.878190994262695,11.208481788635254,-3.201112985610962,0.2721560597419739,-0.6018242835998535,-0.44453004002571106,-0.05799313262104988,0.22016973793506622,0.35429057478904724,-0.056187182664871216,-0.2230762392282486,-0.13777919113636017,0.03172076866030693,-0.2007705122232437,-0.35547181963920593,0,buka94.wav
223.2531316331923,348.8670872283501,2048.0,8192.0,-0.06207657977938652,0.060746852308511734,9.765625e-05,0.0001953125,0.00029296875,0.000390625,0.00048828125,0.0005859375,0.00068359375,0.00078125,0.00087890625,0.0009765625,0.9999853390216032,0.03749750256538387,0.08636769093573093,9.122932293748617,0.8863590955734253,-9.566856263421714e-05,0.08461073903860522,-6.360798943205737e-05,0.04314880818128586,-1.0,1.8863590955734253,0.14765521879044416,-0.15776622985776587,0.14765518779772033,0.02180205448358006,-194.83628845214844,122.0483627319336,-44.6724739074707,-24.219924926757812,-15.939050674438477,3.693726062774658,-9.499974250793457,-23.0660400390625,0.674542248249054,1.913151741027832,-3.7077457904815674,-1.1639997959136963,-11.068702697753906,102.54861450195312,34.20186233520508,55.98416519165039,12.385197639465332,16.65177345275879,17.335689544677734,15.052895545959473,7.641434669494629,9.003934860229492,6.084426403045654,6.96925163269043,9.842216491699219,5.76115608215332,5.072676658630371,-4.6071600914001465,-7.190453052520752,0.1651967167854309,2.222201347351074,2.283735752105713,1.2214435338974,-0.5841104388237,0.42064136266708374,0.6773728132247925,0.8546560406684875,0.5445674657821655,0.4827636480331421,0,buka95.wav
216.10415356826573,95.11888138131692,7270.0,29081.0,-0.02105064131319523,0.020919159054756165,2.750880281690141e-05,5.501760563380282e-05,8.252640845070422e-05,0.00011003521126760564,0.00013754401408450705,0.00016505281690140845,0.00019256161971830985,0.00022007042253521127,0.00024757922535211267,0.0002750880281690141,0.9999636841425802,0.03956317007541654,0.03263556445017457,28.279756579223218,1.0,2.8698453111376594e-05,0.0366026444769185,-9.25205422390718e-05,0.016310248523950577,-0.7462487816810608,1.7462487816810608,0.07710231221190972,0.8521521575158871,0.07710230687094642,0.005944765724821593,-150.79896545410156,16.546770095825195,-5.758706092834473,-5.167843341827393,-5.844119071960449,2.430372953414917,-3.3783323764801025,-1.4464987516403198,-5.149923324584961,2.149526357650757,-2.1702840328216553,2.104459524154663,-4.218335151672363,42.483116149902344,28.627208709716797,17.191757202148438,19.410865783691406,9.485645294189453,7.209514617919922,6.535898685455322,7.53793478012085,5.727829456329346,4.986142635345459,4.08206033706665,3.2796359062194824,4.454653263092041,0.03545954450964928,0.0385945625603199,-0.009024066850543022,0.0016328427009284496,-0.06731630116701126,-0.02683909796178341,-0.037179894745349884,0.06676658987998962,-0.0006795774097554386,-0.10167387872934341,-0.024438844993710518,0.027152223512530327,0.15110105276107788,0,buka96.wav
2053.803118784774,743.4245034287223,8840.0,35362.0,-0.14582693576812744,0.15489161014556885,2.2622898898264825e-05,4.524579779652965e-05,6.786869669479447e-05,9.04915955930593e-05,0.00011311449449132412,0.00013573739338958895,0.00015836029228785377,0.0001809831911861186,0.00020360609008438342,0.00022622898898264825,0.9999706802630591,0.06920351088047028,0.217689648270607,1.4278058929167328,0.9440063834190369,-3.878014016355559e-05,0.15422379392390215,0.0005504322471097112,0.10901523951906711,-1.0,1.9440063834190369,0.21555273209404915,-0.18214746928148098,0.21555272860557728,0.046462978809309656,-161.3688201904297,143.3109588623047,9.540507316589355,6.323624610900879,-3.3839075565338135,5.982983589172363,2.525508403778076,-2.9397647380828857,-14.182764053344727,9.105855941772461,-2.0396642684936523,12.326790809631348,-5.940898418426514,92.13848876953125,19.4654541015625,27.507068634033203,16.459375381469727,13.62329387664795,8.770485877990723,5.738309383392334,14.161603927612305,7.509659290313721,9.330399513244629,12.174062728881836,10.449455261230469,9.73933219909668,-0.21061882376670837,0.0874129980802536,0.08010042458772659,0.10314734280109406,-0.07361124455928802,-0.017862949520349503,-0.0042943200096488,-0.14939740300178528,-0.07142140716314316,-0.11821696162223816,0.018998676910996437,-0.0045522358268499374,0.011243932880461216,0,buka97.wav
224.82392512745628,334.59053130306955,2150.0,8601.0,-0.06025676429271698,0.06082149222493172,9.300595238095238e-05,0.00018601190476190475,0.00027901785714285713,0.0003720238095238095,0.0004650297619047619,0.0005580357142857143,0.0006510416666666666,0.000744047619047619,0.0008370535714285714,0.0009300595238095238,0.9999861105513788,0.031238296627998263,0.08221742790192366,8.71304471699148,0.8749787211418152,-2.6568244633207172e-05,0.08469222955961225,-0.00010752614616649225,0.04115095175802708,-1.0,1.8749787211418152,0.14460277754767714,-0.5161037824412965,0.14460277510695077,0.02090996256863138,-200.889892578125,125.54279327392578,-44.88937759399414,-25.984954833984375,-15.602631568908691,4.918941497802734,-8.206049919128418,-19.96443748474121,1.2439955472946167,1.1461024284362793,-3.7415108680725098,-3.6605589389801025,-15.779134750366211,105.58905029296875,32.98458480834961,57.978363037109375,16.66938591003418,17.01249122619629,18.10822868347168,13.244171142578125,7.695140838623047,10.061359405517578,6.2849836349487305,7.700324535369873,9.23559856414795,6.8152875900268555,4.577126979827881,-3.648923397064209,-6.3520188331604,0.207655131816864,1.9518436193466187,2.3049378395080566,1.1738075017929077,-0.7124056816101074,0.5102105736732483,0.4527466595172882,0.7501069903373718,0.8406476974487305,0.6440688967704773,0,buka98.wav
112.06368344131748,56.48549081879721,6348.0,25395.0,-0.016834452748298645,0.01288392674177885,3.150201612903226e-05,6.300403225806451e-05,9.450604838709677e-05,0.00012600806451612903,0.00015751008064516129,0.00018901209677419354,0.0002205141129032258,0.00025201612903225806,0.00028351814516129034,0.00031502016129032257,0.8820388199757663,0.0559626042842864,0.011852728319354355,10.85032699633873,0.6245578527450562,-0.0007625648403906008,0.03172533935713951,0.0,0.00584450364112854,-1.0,1.6245578527450562,0.05941575517694905,-0.04778620424646524,0.059410861448992214,0.003529650458111349,-370.84832763671875,99.87922668457031,-13.94998836517334,3.0279884338378906,-1.8627865314483643,3.090606212615967,3.654632329940796,-4.974818706512451,-5.800257205963135,9.845124244689941,-2.0795769691467285,1.0573416948318481,-9.245362281799316,171.0675048828125,55.04592514038086,29.103193283081055,10.408770561218262,10.133183479309082,10.88939380645752,7.368959903717041,13.637479782104492,9.586420059204102,12.72294807434082,8.364155769348145,8.153863906860352,11.91770076751709,-3.0926403999328613,0.02849266305565834,-0.6243257522583008,-0.32646316289901733,-0.040154311805963516,0.24415470659732819,0.30700844526290894,-0.05797906592488289,-0.21477575600147247,-0.1562112718820572,-0.03102591633796692,-0.1981370747089386,-0.23880670964717865,0,buka99.wav
341.9359341532266,508.88056426859134,2150.0,8601.0,-0.09297838807106018,0.09210023283958435,9.300595238095238e-05,0.00018601190476190475,0.00027901785714285713,0.0003720238095238095,0.0004650297619047619,0.0005580357142857143,0.0006510416666666666,0.000744047619047619,0.0008370535714285714,0.0009300595238095238,0.9999999999999999,0.028219160437583934,0.1156547162681818,3.126982793155488,1.0,-0.0005828661406100758,0.11335399756573962,-0.00045388026046566665,0.057785386219620705,-0.7668742537498474,1.7668742537498474,0.17833136911152636,0.07402870081081302,0.17833041657623525,0.031801737476253596,-235.05340576171875,137.55360412597656,13.9015531539917,17.58953285217285,4.323217868804932,-7.0500898361206055,13.516203880310059,-5.517089366912842,-25.84575843811035,-8.89979362487793,-12.659453392028809,1.8608967065811157,-8.548877716064453,88.9975814819336,13.634323120117188,16.494338989257812,8.366358757019043,11.905104637145996,11.041625022888184,6.625510215759277,11.511785507202148,11.334181785583496,9.910167694091797,6.816279888153076,7.069486141204834,6.044393539428711,-4.5377583503723145,-0.08744294196367264,0.4346230626106262,-0.4660934507846832,-0.8609628677368164,0.06849580258131027,0.3357188403606415,1.5177963972091675,1.6515835523605347,1.415711522102356,0.2670084834098816,-0.5249926447868347,-0.16308534145355225,1,tutup1.wav
4055.211628413408,1150.2514901186805,11281.0,45127.0,-0.19073133170604706,0.18226923048496246,1.772766757077771e-05,3.545533514155542e-05,5.318300271233314e-05,7.091067028311085e-05,8.863833785388857e-05,0.00010636600542466628,0.000124093672995444,0.0001418213405662217,0.00015954900813699942,0.00017727667570777714,0.999959565973129,-0.08875725567340853,0.26528842747211456,0.4649694233467785,1.0,0.0001851033517229171,0.1979793488641206,-0.010523902252316475,0.13262070529162884,-0.9795586466789246,1.9795586466789246,0.2681220686136541,0.21658562829267616,0.2681220047187739,0.07188940941441423,-17.25602149963379,21.125585556030273,10.4408540725708,7.6926445960998535,-3.3819069862365723,-1.2997878789901733,-6.881871700286865,-0.8548075556755066,-4.737061500549316,0.5957122445106506,-5.908679485321045,-2.3207767009735107,-8.966259956359863,12.864391326904297,13.905805587768555,8.849425315856934,4.513142108917236,3.9541831016540527,5.0034613609313965,4.3038105964660645,3.769028902053833,3.3190231323242188,3.7364349365234375,3.7391223907470703,4.107668399810791,4.608696937561035,0.060113366693258286,0.028701456263661385,-0.023137720301747322,-0.02578876167535782,-0.04443652182817459,-0.02875586226582527,-0.022429190576076508,0.0029577994719147682,-0.02628229185938835,-0.011580241844058037,-0.0067402939312160015,-0.023178834468126297,0.017965616658329964,1,tutup10.wav
2241.5887654223675,1401.0477068150271,5120.0,20480.0,-0.2661508023738861,0.2901746332645416,3.90625e-05,7.8125e-05,0.0001171875,0.00015625,0.0001953125,0.000234375,0.0002734375,0.0003125,0.0003515625,0.000390625,0.9999786599925627,0.013968774676322848,0.41899553313851357,-0.13403738895278217,0.8435795903205872,-0.00033500850899621516,0.22534494027668903,0.0007690768979955465,0.2109094187617302,-1.0,1.8435795903205872,0.2959088730493076,-0.3167066990273655,0.29590868341197785,0.08756194891861015,-247.6815643310547,150.1016082763672,16.871368408203125,27.719953536987305,4.083210468292236,-8.32406234741211,11.391072273254395,4.906824588775635,-12.176222801208496,-11.387896537780762,-12.031623840332031,-9.126367568969727,-13.156343460083008,54.867984771728516,24.717578887939453,17.290048599243164,11.4524564743042,12.230198860168457,9.98885726928711,7.231387615203857,6.7067975997924805,7.410836696624756,6.802252769470215,4.315037727355957,5.985908508300781,5.894667625427246,0.16883188486099243,0.7371344566345215,0.3563012480735779,-0.08293308317661285,-0.9965712428092957,0.21434634923934937,0.2882867455482483,0.060145217925310135,0.3832884430885315,0.09500392526388168,-0.12372766435146332,0.0514686144888401,0.2151656299829483,1,tutup100.wav
921.6691656575509,508.2792765491612,5802.0,23211.0,-0.058990344405174255,0.0662476196885109,3.446611980423244e-05,6.893223960846487e-05,0.00010339835941269732,0.00013786447921692975,0.0001723305990211622,0.00020679671882539464,0.00024126283862962707,0.0002757289584338595,0.00031019507823809193,0.0003446611980423244,0.9999721006098419,-0.047840791940689076,0.09598860703408718,5.010826753490383,1.0,-0.0004854726774297379,0.10403698729811398,0.0018761086976155639,0.047902487218379974,-0.9051650762557983,1.9051650762557983,0.17823119783982855,-0.4555692600037348,0.17823053666445482,0.031766124199699576,-56.494258880615234,16.395566940307617,6.1539435386657715,5.406416416168213,-1.8691234588623047,1.8013674020767212,-4.960741996765137,-1.571439504623413,-6.962348937988281,-0.9711726903915405,-4.774077892303467,0.8519570231437683,-3.071934938430786,24.328611373901367,23.406265258789062,10.371132850646973,4.732241630554199,4.330199718475342,3.5186989307403564,3.5922281742095947,7.459391117095947,7.428038120269775,4.433412075042725,3.8188116550445557,3.8237695693969727,2.791797399520874,0.21939697861671448,-0.04763738065958023,-0.06778358668088913,0.0018224659143015742,-0.04208788648247719,-0.05305865779519081,-0.061767615377902985,-0.06160365417599678,0.011660879477858543,0.10331938415765762,-0.023156171664595604,-0.030837200582027435,0.0921960324048996,1,tutup11.wav
803.98232072295,298.6630710122171,8614.0,34457.0,-0.09525319188833237,0.09371649473905563,2.3216939078751856e-05,4.643387815750371e-05,6.965081723625557e-05,9.286775631500742e-05,0.00011608469539375928,0.00013930163447251114,0.000162518573551263,0.00018573551263001485,0.0002089524517087667,0.00023216939078751856,0.9999607884712817,-0.08233436644077302,0.15069238655269146,5.080584213770676,1.0,-0.00039318171959412245,0.09796742101603369,-0.000337243516696617,0.07533996223355643,-0.9678806662559509,1.967880666255951,0.13662360177003924,0.03583101341471189,0.13662303601059977,0.01866585396875364,-2.226869583129883,4.32158899307251,0.9678058624267578,3.3521687984466553,-3.2523746490478516,2.326298713684082,-3.0606441497802734,1.090095043182373,-5.155337810516357,0.8250381350517273,-3.9462625980377197,1.7994768619537354,-2.350985288619995,9.118409156799316,8.628081321716309,4.649078845977783,3.321533441543579,2.975383996963501,2.896498203277588,3.1296486854553223,4.513138294219971,5.4283928871154785,3.958930730819702,2.3834962844848633,3.032202959060669,3.056098461151123,-0.054322224110364914,-0.015701843425631523,-0.02288852073252201,-0.02078072540462017,-0.11652961373329163,-0.00554926972836256,-0.0278472937643528,-0.031288109719753265,0.01840033568441868,-0.02844596467912197,0.014563950709998608,0.012991610914468765,0.03683275729417801,1,tutup12.wav
2500.750504097054,953.0526180966789,8396.0,33587.0,-0.12277202308177948,0.1512819081544876,2.381859756097561e-05,4.763719512195122e-05,7.145579268292682e-05,9.527439024390244e-05,0.00011909298780487805,0.00014291158536585365,0.00016673018292682928,0.00019054878048780488,0.0002143673780487805,0.0002381859756097561,0.9999441662634811,-0.08749948740005492,0.2047251369804144,1.4791993347926802,1.0,1.28161328372881e-05,0.1698730822765643,0.006034934427589178,0.10188665380701423,-0.9772717952728271,1.9772717952728271,0.24405812802997284,-0.4564977816724408,0.24405812769346846,0.05956436969324136,-4.408786296844482,14.972053527832031,8.764830589294434,9.263544082641602,-0.7740753293037415,1.9480061531066895,-4.7570672035217285,-0.22487100958824158,-5.354462623596191,-0.8931996822357178,-7.01298189163208,-2.499020576477051,-6.64557409286499,15.080318450927734,15.875017166137695,11.474184036254883,6.735176086425781,3.1941165924072266,2.7258760929107666,3.494105815887451,3.9027647972106934,4.563138961791992,4.739842414855957,5.640273094177246,5.45417594909668,5.354699611663818,-0.05838669836521149,-0.039978671818971634,0.008304514922201633,0.016730453819036484,0.016115549951791763,0.047775790095329285,0.050041887909173965,0.03884069621562958,-0.022463027387857437,-0.028056254610419273,0.053083110600709915,-0.008303717710077763,-0.03931261971592903,1,tutup13.wav
370.31227570472106,428.6331774054501,2764.0,11059.0,-0.07864843308925629,0.07779482007026672,7.233796296296296e-05,0.00014467592592592592,0.00021701388888888888,0.00028935185185185184,0.0003616898148148148,0.00043402777777777775,0.0005063657407407407,0.0005787037037037037,0.0006510416666666666,0.0007233796296296296,0.9999894818532029,-0.02442995607852927,0.1054867897182703,6.1244616489161725,0.7737637162208557,-0.00017789239240856498,0.1011896528062669,0.0006770486943423748,0.052872009575366974,-1.0,1.7737637162208557,0.16366928754246668,-0.4956946003793488,0.163669190866685,0.026787604038955366,-272.8200988769531,132.0492401123047,26.00857925415039,10.982653617858887,2.7514584064483643,-1.4303991794586182,5.487603187561035,-4.220300674438477,-17.826730728149414,-16.380207061767578,-16.231304168701172,-0.09675141423940659,-14.326688766479492,75.36809539794922,22.154399871826172,16.078548431396484,9.081887245178223,14.156753540039062,7.504251480102539,7.113811492919922,8.736760139465332,10.645065307617188,9.717698097229004,6.797743797302246,6.695269584655762,7.529709815979004,-4.94489049911499,0.5105918049812317,0.9063846468925476,0.46918514370918274,0.14167310297489166,0.6667779684066772,0.2555583417415619,0.295481413602829,0.8646649122238159,0.6088300943374634,0.6771078109741211,-0.3714568316936493,0.37692317366600037,1,tutup14.wav
2599.521524202439,624.8943702164851,13312.0,53248.0,-0.0742560476064682,0.09943249821662903,1.5024038461538462e-05,3.0048076923076925e-05,4.507211538461539e-05,6.009615384615385e-05,7.512019230769231e-05,9.014423076923077e-05,0.00010516826923076924,0.0001201923076923077,0.00013521634615384616,0.00015024038461538462,0.9999324862104121,-0.01496710777282706,0.1334292646497488,4.066300804823664,0.7909688949584961,0.001031384312113916,0.12385351278988746,0.008348861243575811,0.06662645377218723,-1.0,1.790968894958496,0.19762416694628857,-0.9272714776054533,0.19762147557291254,0.039054247607615264,-34.836124420166016,11.11080265045166,5.851089954376221,7.586040019989014,-1.0647622346878052,2.320063352584839,-3.1742684841156006,1.212276816368103,-4.057503700256348,0.5389513969421387,-4.662013053894043,0.07800444215536118,-4.94401741027832,13.878083229064941,15.271008491516113,11.024219512939453,7.260645389556885,4.380824565887451,3.729722738265991,3.53291392326355,3.4840290546417236,3.4937593936920166,4.663329124450684,3.994636058807373,4.112247943878174,4.186426162719727,0.072907455265522,0.07568732649087906,0.04577629268169403,0.044845592230558395,0.02731597051024437,0.0099462466314435,-0.0006523314514197409,0.002060557249933481,-0.009900813922286034,0.04137158766388893,0.027246246114373207,-0.004244362004101276,0.017278311774134636,1,tutup15.wav
2502.7887634232075,606.304907335251,13209.0,52838.0,-0.053618576377630234,0.039724841713905334,1.5140503875968992e-05,3.0281007751937984e-05,4.5421511627906976e-05,6.056201550387597e-05,7.570251937984496e-05,9.084302325581395e-05,0.00010598352713178294,0.00012112403100775194,0.00013626453488372093,0.00015140503875968992,0.9999621752820455,-0.006498220562934864,0.06953232968226075,5.977374417484873,1.0,-0.00014713714568172603,0.10367875480870094,-0.002988555934280157,0.03453786065801978,-0.8299967646598816,1.8299967646598816,0.19466248476103637,1.1122264953473946,0.19466242915365328,0.03789346132400108,-99.9828109741211,16.168365478515625,6.300644397735596,6.169046878814697,-1.9761117696762085,2.0029170513153076,-3.4006385803222656,-0.022294748574495316,-6.534589767456055,-0.43645405769348145,-5.081860065460205,-0.025066670030355453,-4.335690975189209,22.77448081970215,23.181949615478516,12.060894966125488,5.5553879737854,3.611748456954956,3.4084107875823975,2.7160098552703857,3.8958189487457275,5.9451680183410645,5.165404319763184,4.819164752960205,5.095130443572998,4.14875602722168,0.003236741293221712,-0.023014480248093605,-0.015575181692838669,-0.009214038029313087,0.010523444041609764,0.051118362694978714,0.028470154851675034,-0.019751399755477905,-0.020832983776926994,-0.021503424271941185,0.000909607217181474,0.0472920723259449,0.039551910012960434,1,tutup16.wav
414.78494936258943,1080.3449763635733,1228.0,4915.0,-0.12443212419748306,0.13634704053401947,0.00016276041666666666,0.0003255208333333333,0.00048828125,0.0006510416666666666,0.0008138020833333334,0.0009765625,0.0011393229166666667,0.0013020833333333333,0.00146484375,0.0016276041666666667,0.9989342443066582,0.019846063852310136,0.15829686634242535,1.4843632078111728,0.854265570640564,9.989567997349708e-05,0.16790666383607,1.1385161910459907e-11,0.07914550229907036,-1.0,1.854265570640564,0.25982796459449337,-0.16168083657326793,0.2598279453911192,0.06751056120617041,-204.130615234375,126.37139129638672,2.3665261268615723,23.00428581237793,24.38428497314453,0.46594107151031494,1.8535959720611572,-4.107913970947266,-23.365201950073242,-5.915369510650635,-5.836449146270752,-4.228691577911377,-17.91777801513672,117.21743774414062,17.67859649658203,26.286123275756836,5.7423095703125,9.292013168334961,10.238433837890625,10.087626457214355,10.762138366699219,15.548662185668945,3.2405998706817627,4.014688491821289,5.733666896820068,10.376626968383789,-19.334373474121094,2.7077622413635254,6.410414695739746,-1.1967037916183472,-1.8299636840820312,0.617294430732727,2.4362246990203857,3.063110828399658,1.6976592540740967,-0.42508646845817566,-0.6535765528678894,1.49434494972229,2.592409610748291,1,tutup17.wav
895.4217364903086,1399.2331071242247,2048.0,8192.0,-0.17977683246135712,0.23943203687667847,9.765625e-05,0.0001953125,0.00029296875,0.000390625,0.00048828125,0.0005859375,0.00068359375,0.00078125,0.00087890625,0.0009765625,0.9999853390216032,-0.07402946352958678,0.2674581203609705,0.5403264210602519,1.0,-5.406756716994643e-05,0.20647576617319813,0.00327589875087142,0.13418499613180757,-0.9527808427810669,1.952780842781067,0.29570852025961597,-0.3443263269803232,0.2957085153167387,0.08744352603082987,-165.3218994140625,124.69684600830078,6.586792945861816,15.610841751098633,-6.078014850616455,2.5068018436431885,-7.532289028167725,-23.588621139526367,-12.58678150177002,1.075135588645935,-8.83413314819336,-0.1362914890050888,-3.393246650695801,83.85073852539062,15.484465599060059,11.492398262023926,11.442708015441895,14.515165328979492,5.733429431915283,11.571114540100098,10.765003204345703,4.513309478759766,5.07255744934082,5.197881698608398,6.953890800476074,2.977206230163574,-6.665843486785889,0.9911086559295654,1.0811541080474854,-0.5107157230377197,-0.34950095415115356,0.6424687504768372,1.4290708303451538,1.0213901996612549,0.41358599066734314,-0.5341479182243347,-0.06531405448913574,0.38164058327674866,0.3231402039527893,1,tutup18.wav
4528.241106501266,1768.8873679538135,8192.0,32768.0,-0.2879719138145447,0.29379668831825256,2.44140625e-05,4.8828125e-05,7.32421875e-05,9.765625e-05,0.0001220703125,0.000146484375,0.0001708984375,0.0001953125,0.0002197265625,0.000244140625,0.9999585714264507,-0.08416186273097992,0.4301571138203144,-0.249928567971073,1.0,-0.0005771495052804125,0.2574391331275789,-0.006147525738924742,0.21448414772748947,-0.9712033867835999,1.9712033867835999,0.332494753927323,0.18144301772756405,0.3324942530144538,0.1105524282876396,-164.0615692138672,131.8246612548828,9.416417121887207,7.844949722290039,-10.167646408081055,2.1874992847442627,1.0455268621444702,-3.036543607711792,-10.49814224243164,-4.080469131469727,-11.646202087402344,-10.612695693969727,-10.798694610595703,36.59792709350586,25.411712646484375,13.002641677856445,7.622473239898682,9.153460502624512,5.535690784454346,6.999890327453613,5.770350933074951,4.322956562042236,4.415240287780762,4.625637054443359,5.798981189727783,5.799920558929443,-1.5480682849884033,-0.6521821022033691,-0.22744397819042206,-0.20974791049957275,0.08088959008455276,-0.08564595133066177,-0.03245555981993675,0.2582145929336548,0.12987381219863892,-0.042477548122406006,-0.13495899736881256,0.19615989923477173,0.01278205867856741,1,tutup19.wav
365.9419860698158,953.1290537387357,1228.0,4915.0,-0.10289319604635239,0.11966227740049362,0.00016276041666666666,0.0003255208333333333,0.00048828125,0.0006510416666666666,0.0008138020833333334,0.0009765625,0.0011393229166666667,0.0013020833333333333,0.00146484375,0.0016276041666666667,1.0000000000000002,-0.09782133698463441,0.1446706634014845,2.9172828872549124,1.0,-0.0003437813380554409,0.15029872925798315,-0.0003739203966688365,0.07167172993649729,-0.9960387945175171,1.996038794517517,0.2440509580570229,-0.30875725576122914,0.2440507159238472,0.059560751942942365,-214.41688537597656,126.82327270507812,-8.940767288208008,34.15128707885742,15.983796119689941,-4.493377685546875,0.812709391117096,-20.730491638183594,-16.19270133972168,-2.5304946899414062,-7.604998588562012,-13.737899780273438,-3.4580705165863037,116.75489807128906,20.82396125793457,28.798385620117188,10.711304664611816,7.201849460601807,10.530385971069336,14.856419563293457,15.638917922973633,8.389236450195312,6.17117166519165,8.618298530578613,7.490752220153809,4.9753899574279785,-13.317564010620117,3.1177749633789062,5.153397083282471,-2.2477025985717773,-0.07550550997257233,2.2111732959747314,3.650249481201172,2.945223331451416,0.3738045394420624,-0.20366662740707397,2.3458635807037354,1.7693768739700317,-0.7131909132003784,1,tutup2.wav
1106.6384773257073,691.6760669249313,5120.0,20480.0,-0.04837191849946976,0.04927069693803787,3.90625e-05,7.8125e-05,0.0001171875,0.00015625,0.0001953125,0.000234375,0.0002734375,0.0003125,0.0003515625,0.000390625,0.9999786599925629,0.09086281359195714,0.06416675355285406,3.160477910445895,0.9833869338035583,4.646421059869787e-05,0.12108998232356838,0.0002738618786679581,0.03210456296801567,-1.0,1.9833869338035583,0.20791360109558837,0.21794486974653893,0.20791359590371328,0.04322806336161258,-114.73612976074219,34.257205963134766,13.702679634094238,9.904738426208496,2.2196176052093506,4.1167426109313965,-1.673674464225769,0.2245117425918579,-10.01292896270752,-6.856809139251709,-8.612932205200195,-1.0870201587677002,-4.612077713012695,37.58394241333008,35.76321029663086,17.049087524414062,8.525191307067871,6.510794162750244,5.166970729827881,5.148315906524658,5.83189058303833,10.666508674621582,9.726698875427246,7.300271987915039,5.20554256439209,4.517162322998047,-0.02797737345099449,0.037887293845415115,0.0035433515440672636,-0.006102856248617172,-0.0784836933016777,-0.021199684590101242,-0.012971289455890656,0.01963386870920658,-0.0685301274061203,0.052765484899282455,0.07198645919561386,0.05691808834671974,0.01690460741519928,1,tutup20.wav
2860.3893496577784,1241.5221114538822,7372.0,29491.0,-0.18453969061374664,0.1140478178858757,2.712673611111111e-05,5.425347222222222e-05,8.138020833333333e-05,0.00010850694444444444,0.00013563368055555556,0.00016276041666666666,0.00018988715277777778,0.00021701388888888888,0.000244140625,0.0002712673611111111,0.9244605358308366,-0.0015198945999145286,0.1856651185080409,1.4385978994081396,1.0,-0.00010638265957562793,0.1809489451004003,-3.930973662136239e-06,0.10134045779705048,-0.8209452629089355,1.8209452629089355,0.2785552495703488,0.8063713804237407,0.2785552292561191,0.07759301574592906,-269.6763610839844,106.16118621826172,26.53883171081543,8.063590049743652,8.125798225402832,-7.4340620040893555,7.894195079803467,4.653745174407959,-6.678003311157227,-10.401407241821289,-7.816681385040283,-5.373985767364502,-5.984118461608887,116.3107681274414,43.993370056152344,17.481901168823242,8.37984848022461,10.19262981414795,9.302867889404297,8.257247924804688,5.259242534637451,7.242967128753662,7.6942620277404785,5.52598237991333,4.766114234924316,4.857058048248291,1.6872059106826782,1.0753114223480225,0.3280225396156311,-0.20964300632476807,-0.5484710335731506,-0.10538019239902496,0.06525429338216782,0.2079840898513794,-0.014885980635881424,0.14638863503932953,0.13900694251060486,-0.23473486304283142,-0.10048509389162064,1,tutup21.wav
1912.6923082683093,766.3221968772492,7987.0,31948.0,-0.17636778950691223,0.17680861055850983,2.5040064102564102e-05,5.0080128205128203e-05,7.512019230769231e-05,0.00010016025641025641,0.0001252003205128205,0.00015024038461538462,0.00017528044871794872,0.00020032051282051281,0.00022536057692307694,0.000250400641025641,0.9999279205869274,0.08708213269710541,0.2781904563307762,0.7273590820748503,0.9765129685401917,-0.00036136058558625404,0.16795313106308024,0.001306620892137289,0.13995775813236833,-1.0,1.9765129685401917,0.21884683686889278,-0.04166045931422675,0.2188465385288215,0.04789380742604695,-228.84523010253906,135.0442657470703,20.24259376525879,13.060352325439453,-7.636235237121582,-6.418913841247559,-1.396733045578003,1.4928442239761353,-7.5005292892456055,-4.14298152923584,-3.415212869644165,-4.533751964569092,-10.505597114562988,40.3454475402832,19.75371551513672,13.967087745666504,5.612726211547852,8.485418319702148,7.980457305908203,5.967433452606201,5.474277019500732,4.411135673522949,4.350367546081543,4.310687065124512,3.696995973587036,4.589578628540039,-1.7357560396194458,0.07162845134735107,0.14878371357917786,-0.11927509307861328,-0.07577116042375565,-0.08742785453796387,-0.15331365168094635,0.030743896961212158,0.058574266731739044,0.1850215643644333,-0.010999687016010284,-0.09650921076536179,0.17036627233028412,1,tutup22.wav
865.6481680677884,346.82285436545925,7987.0,31948.0,-0.10923478752374649,0.10017427802085876,2.5040064102564102e-05,5.0080128205128203e-05,7.512019230769231e-05,0.00010016025641025641,0.0001252003205128205,0.00015024038461538462,0.00017528044871794872,0.00020032051282051281,0.00022536057692307694,0.000250400641025641,0.9999508549456324,0.015502375364303544,0.15633905492722988,4.212982724198537,0.8463679552078247,-0.00034318470098505696,0.10538366648625715,0.008246638346463442,0.07687327638268471,-1.0,1.8463679552078247,0.14722732633137303,-0.3742965255991381,0.14722692635162093,0.021675767842945618,-217.31680297851562,127.2707290649414,4.936758041381836,1.4244824647903442,-12.108620643615723,3.539203405380249,-0.536864697933197,-6.670414924621582,-9.207293510437012,-2.031320095062256,-8.786965370178223,-6.909976005554199,-5.616683483123779,31.483469009399414,21.22252655029297,10.516557693481445,9.498665809631348,10.231609344482422,5.632681846618652,6.638411521911621,6.404563903808594,5.651532173156738,5.488760948181152,4.814220905303955,5.834590911865234,5.748286247253418,-1.0759352445602417,0.024416791275143623,-0.03181600570678711,-0.1827903687953949,-0.055870987474918365,-0.19126896560192108,0.12873221933841705,0.3030321002006531,0.11763275414705276,-0.11883455514907837,-0.14289428293704987,0.11675462871789932,-0.10244568437337875,1,tutup23.wav
3881.79732490074,1654.2043679329847,7509.0,30037.0,-0.2179310917854309,0.26392942667007446,2.6633286281194237e-05,5.326657256238847e-05,7.98998588435827e-05,0.00010653314512477695,0.0001331664314059712,0.0001597997176871654,0.00018643300396835967,0.0002130662902495539,0.00023969957653074812,0.0002663328628119424,0.999964947923562,0.06894806921482077,0.27169592306017876,0.04908086623544117,0.943541944026947,-7.171138945693654e-05,0.2316496250134297,0.0044325049966573715,0.13441785238683224,-1.0,1.943541944026947,0.321535409309232,-0.2800130005258782,0.32153540131240915,0.103385014297132,-49.56715774536133,32.81266784667969,15.471170425415039,8.821657180786133,-3.5935966968536377,-0.6571014523506165,-5.8844451904296875,-1.7838654518127441,-7.845028400421143,-3.5004141330718994,-8.319916725158691,-2.9803731441497803,-6.814126968383789,23.841367721557617,24.58489418029785,12.65420913696289,5.4192986488342285,5.1817450523376465,6.094484806060791,5.396664619445801,4.863649368286133,6.778193473815918,5.378098964691162,4.761720180511475,4.9462175369262695,4.621528148651123,0.07375624030828476,-0.038041114807128906,0.005267774686217308,-0.08120094984769821,-0.05763506144285202,-0.023771140724420547,0.024889519438147545,0.0003961340698879212,-0.020640559494495392,0.08151853084564209,0.04578063264489174,0.04176851361989975,0.007028648164123297,1,tutup24.wav
724.1983452209461,458.0996886034292,5059.0,20236.0,-0.07319170981645584,0.0758637860417366,3.953350464518679e-05,7.906700929037359e-05,0.00011860051393556039,0.00015813401858074717,0.000197667523225934,0.00023720102787112078,0.0002767345325163076,0.00031626803716149434,0.00035580154180668116,0.000395335046451868,0.9999675657224977,0.028907030820846558,0.11686438135802746,6.464530289611114,0.8707400560379028,-0.0001515849696983271,0.10246205891035291,0.0009610347333364189,0.05849018244771287,-1.0,1.8707400560379028,0.16920431036125783,-0.5884134619957042,0.1692042424610737,0.02863007566682582,-36.05127716064453,12.185253143310547,3.8302786350250244,5.0740132331848145,-2.5836973190307617,1.9294086694717407,-3.6650137901306152,-1.5689741373062134,-7.4899468421936035,-2.03787899017334,-5.179387092590332,1.002192735671997,-3.1462883949279785,17.135757446289062,17.539352416992188,8.97685432434082,3.675865650177002,3.1337485313415527,3.6721208095550537,5.102438926696777,8.142184257507324,7.601517677307129,5.697465419769287,3.683382272720337,4.642570972442627,3.7343626022338867,-0.053757816553115845,-0.21843376755714417,-0.07141576707363129,0.07966466248035431,0.07888995856046677,0.05329852178692818,0.19176842272281647,0.14606402814388275,0.11290931701660156,0.029612679034471512,0.017229648306965828,0.0916425883769989,0.06411796063184738,1,tutup25.wav
252.44017930657395,717.2869594930178,1126.0,4505.0,-0.10001912713050842,0.11722476780414581,0.0001775568181818182,0.0003551136363636364,0.0005326704545454545,0.0007102272727272727,0.0008877840909090909,0.001065340909090909,0.0012428977272727273,0.0014204545454545455,0.0015980113636363637,0.0017755681818181818,1.0000000000000002,-0.05078050792217259,0.13158390298485756,2.3682029812970242,0.7258536219596863,-4.265257352045054e-05,0.13390150617946242,4.070152044732822e-06,0.06643771380186081,-1.0,1.7258536219596863,0.21171319046984988,-0.40686680263417135,0.21171318617337206,0.044822473199680905,-203.8981475830078,124.9521713256836,-16.21578025817871,39.51125717163086,1.6288251876831055,-3.552971601486206,-8.478214263916016,-21.608299255371094,-4.945905685424805,-0.9425914883613586,-12.882655143737793,-2.8686463832855225,3.036195993423462,123.61314392089844,20.807279586791992,28.8865909576416,14.61867618560791,9.46442699432373,9.085747718811035,11.446474075317383,12.165891647338867,4.951437473297119,9.658258438110352,10.701888084411621,3.1653707027435303,6.706781387329102,-9.664107322692871,6.268948078155518,3.2672970294952393,-3.4856741428375244,-0.3213658332824707,2.7930195331573486,3.4977853298187256,-0.14448963105678558,0.747523844242096,2.1965038776397705,3.275707483291626,0.3105785846710205,-1.6181834936141968,1,tutup26.wav
609.320819103537,242.0521167330385,8055.0,32222.0,-0.05866771936416626,0.06134883314371109,2.482744922786633e-05,4.965489845573266e-05,7.448234768359899e-05,9.930979691146532e-05,0.00012413724613933165,0.00014896469536719798,0.0001737921445950643,0.00019861959382293064,0.00022344704305079697,0.0002482744922786633,0.9999415737062761,0.04473438262939444,0.09458955097943544,9.866955694377058,0.8995170593261719,0.00010388041686497176,0.07577679011357936,0.0003085684438701719,0.047298768535256386,-1.0,1.8995170593261719,0.12299545398011663,-0.16165180587978484,0.12299541011206061,0.01512787090863398,-55.89091491699219,8.728611946105957,2.5798215866088867,5.328510761260986,-1.839195728302002,1.3704180717468262,-4.202314853668213,-0.5476779937744141,-5.7372050285339355,-1.4019712209701538,-5.733523368835449,0.7917687892913818,-3.192070484161377,14.401946067810059,15.614815711975098,9.00118637084961,4.8361592292785645,3.8492650985717773,3.1918041706085205,3.86608624458313,5.707905292510986,5.865045547485352,6.179763317108154,4.1962504386901855,3.23764967918396,3.6854522228240967,0.08895173668861389,0.028569797053933144,-0.012504666112363338,-0.01681433618068695,0.025874760001897812,0.025060666725039482,0.08090030401945114,-0.021925633773207664,0.05388851836323738,0.027217786759138107,-0.07329234480857849,-0.02525229938328266,-0.010616585612297058,1,tutup27.wav
3514.339724977978,1497.6145421522306,7509.0,30037.0,-0.21043521165847778,0.2465323656797409,2.6633286281194237e-05,5.326657256238847e-05,7.98998588435827e-05,0.00010653314512477695,0.0001331664314059712,0.0001597997176871654,0.00018643300396835967,0.0002130662902495539,0.00023969957653074812,0.0002663328628119424,0.9999684531312057,0.021237322688102633,0.29656893759965897,0.05192508439878152,0.8567951321601868,0.00040639717873269473,0.2275660672059924,0.008464066311717033,0.1472695041447878,-1.0,1.8567951321601868,0.3059385820466453,-0.2712707330975345,0.30593831212524697,0.09359825082604503,-11.152425765991211,23.32851791381836,11.720654487609863,7.428217887878418,-2.3442206382751465,0.4259408116340637,-5.161622047424316,-1.792335867881775,-7.881253719329834,-3.625044107437134,-8.61751651763916,-2.234853744506836,-5.616016387939453,16.70670509338379,17.740068435668945,10.535876274108887,5.028867244720459,4.559704303741455,4.99526309967041,4.688635349273682,5.149081230163574,5.317320823669434,4.929016590118408,4.744093894958496,4.8307785987854,3.9989607334136963,0.071820467710495,-0.09189067035913467,-0.06050750985741615,-0.052392542362213135,-0.09748104214668274,-0.05784177780151367,-0.014649227261543274,-0.04343215748667717,0.005995884072035551,-0.03319351002573967,-0.01673187129199505,0.09263037145137787,0.040620993822813034,1,tutup28.wav
576.3933616825145,667.1702081256046,2764.0,11059.0,-0.10783321410417557,0.11436258256435394,7.233796296296296e-05,0.00014467592592592592,0.00021701388888888888,0.00028935185185185184,0.0003616898148148148,0.00043402777777777775,0.0005063657407407407,0.0005787037037037037,0.0006510416666666666,0.0007233796296296296,0.9986075178323579,0.06497688889503483,0.14184951409697533,3.426290286432371,0.9363216161727905,-0.0002544446565271265,0.13188029832475873,0.0010060903150588274,0.0721304144244641,-1.0,1.9363216161727905,0.20419383352463769,-0.14233788324475355,0.20419367499363003,0.041695056907404215,-237.6255645751953,133.9330291748047,20.999391555786133,9.900657653808594,1.7323540449142456,-1.76607346534729,3.321611166000366,-12.323373794555664,-19.400033950805664,-13.548345565795898,-7.293797016143799,-1.8655891418457031,-12.958168029785156,80.09867095947266,22.582170486450195,16.132415771484375,10.186372756958008,14.53476333618164,6.134574890136719,7.521365642547607,10.126530647277832,10.55484676361084,8.167769432067871,4.987183094024658,4.966570854187012,6.525189399719238,-5.345745086669922,0.6744992136955261,0.7244547605514526,0.7473230957984924,0.33078232407569885,0.5976567268371582,0.17244572937488556,0.42474165558815,0.8717626333236694,0.6660432815551758,0.34139472246170044,-0.2547604739665985,0.11997061222791672,1,tutup29.wav
959.0898202840366,576.3977434753629,5324.0,21299.0,-0.1175709217786789,0.15694847702980042,3.7560096153846156e-05,7.512019230769231e-05,0.00011268028846153847,0.00015024038461538462,0.00018780048076923078,0.00022536057692307694,0.00026292067307692306,0.00030048076923076925,0.0003380408653846154,0.00037560096153846156,0.9999846698070781,-0.034672471880912825,0.19223034754395485,1.74962185056041,0.7551409602165222,-0.00035161396168778347,0.1340106951561482,0.0009156675077974796,0.09520188719034195,-1.0,1.7551409602165222,0.18979859290849194,-0.5359913852125007,0.1897982672146018,0.036023382237665394,-240.95278930664062,145.9141387939453,11.932451248168945,25.222434997558594,0.8150410056114197,-11.667657852172852,3.1337907314300537,6.189328193664551,-12.485575675964355,-8.335138320922852,-10.751399993896484,-1.8394588232040405,-11.47032356262207,60.108463287353516,23.814743041992188,15.732697486877441,8.362166404724121,12.380288124084473,9.984631538391113,6.0643463134765625,5.9870686531066895,9.006837844848633,8.71688461303711,6.083829879760742,6.475001811981201,4.714441299438477,-1.1716217994689941,0.5157214403152466,0.8682649731636047,0.1705705225467682,-0.7134623527526855,0.13219314813613892,0.26725590229034424,0.27817705273628235,0.45735201239585876,0.2767494320869446,0.2248459905385971,0.03738759830594063,0.10539796203374863,1,tutup3.wav
389.41963592368,1106.5022508930704,1126.0,4505.0,-0.1229175254702568,0.11390426754951477,0.0001775568181818182,0.0003551136363636364,0.0005326704545454545,0.0007102272727272727,0.0008877840909090909,0.001065340909090909,0.0012428977272727273,0.0014204545454545455,0.0015980113636363637,0.0017755681818181818,0.999971498408015,-0.08870457410812377,0.1367332711815834,2.0936601027891095,1.0,-0.00013748419501637764,0.16426105523897785,-0.0006581362395081669,0.0683567114174366,-0.9794628620147705,1.9794628620147705,0.2629526791879685,0.09440460919911801,0.26295264324632067,0.0691440925902268,-231.64906311035156,129.09716796875,-7.126613616943359,27.7742862701416,20.716196060180664,-5.121840476989746,5.963380336761475,-16.92128562927246,-18.72386932373047,-3.246990919113159,-4.505841255187988,-11.878005027770996,-10.368182182312012,113.65290069580078,26.15145492553711,30.500886917114258,6.866279125213623,7.155337333679199,13.105104446411133,14.253220558166504,14.726945877075195,12.42561149597168,4.521389961242676,5.391195297241211,10.266839981079102,5.934901714324951,-27.32843780517578,-0.21758532524108887,8.24052619934082,-1.7724045515060425,-0.9521409869194031,2.799438238143921,2.5425052642822266,4.182070255279541,2.1084706783294678,-0.21237468719482422,1.575708031654358,3.0727570056915283,1.4480890035629272,1,tutup30.wav
1229.2636701064812,677.9105477442422,5802.0,23211.0,-0.07337755709886551,0.08260659873485565,3.446611980423244e-05,6.893223960846487e-05,0.00010339835941269732,0.00013786447921692975,0.0001723305990211622,0.00020679671882539464,0.00024126283862962707,0.0002757289584338595,0.00031019507823809193,0.0003446611980423244,0.9999907002032806,-0.0852328032255173,0.12105352245271206,4.458609468927387,1.0,-2.4112101786809943e-05,0.12290929619378774,0.0030709380516782403,0.060547493398189545,-0.9731505513191223,1.9731505513191223,0.20583476121607946,-0.5554188943288545,0.20583475980379745,0.04236794834348699,-37.22972869873047,13.74289608001709,5.712213516235352,5.171905517578125,-2.47802996635437,1.8343942165374756,-3.7849247455596924,-1.364230990409851,-7.625613689422607,-1.5719516277313232,-5.022285461425781,0.460625559091568,-2.216644525527954,20.519994735717773,21.20017433166504,10.804375648498535,4.581512451171875,4.411873817443848,3.6070568561553955,3.4753637313842773,6.846604824066162,6.825842380523682,4.888626575469971,3.7673685550689697,4.342238903045654,3.6756906509399414,0.11108242720365524,0.16376227140426636,0.22230462729930878,0.06313576549291611,-0.004477894399315119,-0.08329755067825317,-0.01432226411998272,-0.02735636569559574,-0.08867687731981277,-0.009444373659789562,0.07130107283592224,0.007092025130987167,-0.02617640607059002,1,tutup31.wav
2448.4975384321942,1195.5919252575793,6553.0,26214.0,-0.22449156641960144,0.22501428425312042,3.0517578125e-05,6.103515625e-05,9.1552734375e-05,0.0001220703125,0.000152587890625,0.00018310546875,0.000213623046875,0.000244140625,0.000274658203125,0.00030517578125,0.993121605186406,0.06655399203300472,0.3270767852663994,0.06277077790392749,0.939189076423645,-0.0001986840618732829,0.2059035347360893,0.001400682667735964,0.1640425953664817,-1.0,1.939189076423645,0.27335364442051013,-0.11100933555342302,0.2733535722148482,0.07472217544261822,-172.43020629882812,124.34447479248047,6.3392791748046875,-1.2391753196716309,-9.511820793151855,4.173171043395996,-2.956183433532715,-6.643137454986572,-12.427535057067871,-3.080658435821533,-16.17579460144043,-3.5097320079803467,-2.3679397106170654,41.02389144897461,22.1657657623291,11.370060920715332,11.85031795501709,7.766400337219238,5.2149810791015625,5.311665058135986,4.081360816955566,4.3860368728637695,4.104318141937256,5.472008228302002,5.526269912719727,3.8680098056793213,-0.559768795967102,0.037185873836278915,-0.02561398595571518,-0.07632431387901306,-0.0907948836684227,-0.10439921170473099,0.0493396520614624,0.18187640607357025,0.015306612476706505,-0.11210912466049194,-0.03963948041200638,0.23457390069961548,-0.11791308969259262,1,tutup32.wav
2842.3108611887096,1032.8399032277114,8806.0,35225.0,-0.20951209962368011,0.2005617469549179,2.2710755813953488e-05,4.5421511627906976e-05,6.813226744186046e-05,9.084302325581395e-05,0.00011355377906976744,0.00013626453488372093,0.00015897529069767443,0.0001816860465116279,0.0002043968023255814,0.00022710755813953488,0.9999735001563147,0.07561472952365866,0.3053137809038162,0.10316042529637848,0.9556631445884705,-0.00044708976860179654,0.19226599407997538,-0.00016854418208822608,0.1522296592593193,-1.0,1.9556631445884705,0.25406894323353385,0.005289063407861043,0.2540685498572057,0.06455082802654342,-191.8404998779297,132.2256622314453,15.735250473022461,12.822715759277344,-7.658998489379883,-0.2775019407272339,2.630013942718506,0.2718758285045624,-12.713751792907715,-5.106705665588379,-7.187176704406738,-7.956843376159668,-12.868806838989258,38.79501724243164,24.764619827270508,14.325103759765625,6.02670431137085,8.538436889648438,6.574190139770508,6.156155109405518,5.5795464515686035,4.156152248382568,4.037522792816162,5.0307817459106445,4.976344585418701,6.409422874450684,-1.7655164003372192,-0.7824060916900635,-0.25633230805397034,-0.21163558959960938,0.047837093472480774,-0.05707330256700516,-0.1233297660946846,0.05520493909716606,0.16465409100055695,0.099687859416008,-0.10654821246862411,-0.029117945581674576,0.1251629739999771,1,tutup33.wav
1049.5677559509281,1366.7359074806584,2457.0,9830.0,-0.17273065447807312,0.23480665683746338,8.138020833333333e-05,0.00016276041666666666,0.000244140625,0.0003255208333333333,0.0004069010416666667,0.00048828125,0.0005696614583333334,0.0006510416666666666,0.000732421875,0.0008138020833333334,0.9999999999999998,-0.07029490768909452,0.2569512277841568,0.6006684812055467,1.0,-7.13459812922701e-05,0.20237598331311188,0.002809405908919871,0.12676422239746898,-0.9459907412528992,1.9459907412528992,0.29225680939754967,-0.3488413857177789,0.2922568006890287,0.08541403754898665,-181.97601318359375,127.96723937988281,11.332170486450195,19.958023071289062,2.319199800491333,-4.227868556976318,8.376111030578613,-11.541202545166016,-20.953025817871094,-5.864111423492432,-8.070034980773926,-3.8585011959075928,-5.591863632202148,95.70799255371094,15.848565101623535,13.66940975189209,7.7205281257629395,13.137763977050781,10.126043319702148,6.138789176940918,11.824235916137695,9.765993118286133,5.075079917907715,4.892047882080078,4.09450626373291,5.9850993156433105,-7.156970024108887,0.5911204814910889,0.7658517360687256,-0.34874802827835083,-0.3536209166049957,0.44589218497276306,0.3308395743370056,1.0776050090789795,0.6973631978034973,0.4057452380657196,-0.14791929721832275,0.02772095613181591,-0.02052401937544346,1,tutup34.wav
1552.4646612862125,1032.266740663234,4812.0,19251.0,-0.18699659407138824,0.2141692340373993,4.1555851063829786e-05,8.311170212765957e-05,0.00012466755319148935,0.00016622340425531914,0.00020777925531914894,0.0002493351063829787,0.0002908909574468085,0.0003324468085106383,0.0003740026595744681,0.0004155585106382979,0.9999942896564804,-0.021487459540367126,0.2936539314687252,0.5312990361897394,0.7791137099266052,-0.00016995962614028233,0.1837478434453557,-0.00022856042050989345,0.14442504942417145,-1.0,1.7791137099266052,0.25399604376105706,-0.21786246563288014,0.25399598689741987,0.06451396135999429,-226.87554931640625,142.3587188720703,0.29156938195228577,18.47736167907715,-18.487707138061523,6.124271869659424,-1.3796991109848022,-20.139694213867188,-14.623814582824707,-9.733323097229004,-11.656214714050293,-4.674048900604248,3.2594192028045654,66.77616119384766,22.450231552124023,14.098243713378906,9.518377304077148,12.826916694641113,10.096840858459473,5.99528694152832,10.606508255004883,8.199580192565918,6.537201404571533,5.7801194190979,3.154390811920166,6.703190803527832,-1.545045256614685,0.28825294971466064,1.0065940618515015,-0.21927835047245026,0.056154925376176834,0.6590965390205383,0.28203222155570984,0.6045573353767395,0.13955119252204895,-0.38152480125427246,-0.014535459689795971,0.10862898081541061,-0.08494112640619278,1,tutup35.wav
818.1989409516497,491.3923296883148,5328.0,21313.0,-0.05649798363447189,0.05167889967560768,3.753471961564447e-05,7.506943923128894e-05,0.00011260415884693342,0.00015013887846257787,0.00018767359807822235,0.00022520831769386684,0.0002627430373095113,0.00030027775692515574,0.00033781247654080025,0.0003753471961564447,0.9999897874537362,0.07730866968631744,0.08336484339088202,5.771302033667272,0.9587430357933044,0.00021953127339575273,0.09817430768929215,-0.000998818431980908,0.04166599444579333,-1.0,1.9587430357933044,0.17524516495024167,0.46711216024719215,0.1752450274457379,0.030710819644457422,-73.42889404296875,17.09920883178711,6.111603260040283,5.242153644561768,-2.151860237121582,1.221658706665039,-4.386780738830566,-1.239006519317627,-7.291259288787842,-1.1857225894927979,-4.772568702697754,1.0751327276229858,-3.6206812858581543,25.10254669189453,23.37760353088379,11.162603378295898,6.000831127166748,4.692983150482178,3.968050241470337,4.1250762939453125,7.0482258796691895,8.057212829589844,5.607603073120117,4.530121326446533,3.129302740097046,3.273735523223877,-0.07356301695108414,0.006671437527984381,-0.023081671446561813,0.08846590667963028,-0.031238291412591934,0.042460571974515915,0.10660280287265778,0.0720461755990982,0.007802933920174837,-0.0797109454870224,-0.04563590884208679,0.10777176916599274,0.015345748513936996,1,tutup36.wav
3079.6308319928885,1233.8573509925181,7987.0,31948.0,-0.23292416334152222,0.23138973116874695,2.5040064102564102e-05,5.0080128205128203e-05,7.512019230769231e-05,0.00010016025641025641,0.0001252003205128205,0.00015024038461538462,0.00017528044871794872,0.00020032051282051281,0.00022536057692307694,0.000250400641025641,0.9964221496396994,0.06808562576770782,0.34315498545765877,-0.013308755556030949,0.941973865032196,-0.0004874227909881343,0.21162102670894803,0.0023103589192032814,0.17178536299616098,-1.0,1.941973865032196,0.27769435256291175,-0.10970700288371323,0.27769392478834964,0.07711391586435759,-187.1636962890625,138.37306213378906,17.407939910888672,11.635836601257324,-9.73678207397461,-2.253119468688965,0.8258131742477417,0.6843166351318359,-9.775703430175781,-3.2792234420776367,-5.8077545166015625,-6.739438533782959,-11.814493179321289,36.11905288696289,22.080028533935547,14.193641662597656,5.520289421081543,8.957134246826172,6.149484157562256,5.22758150100708,4.612116813659668,3.809736490249634,3.310209035873413,4.012491226196289,3.031193494796753,4.8649725914001465,-1.0790528059005737,0.10277391970157623,0.22283831238746643,-0.1244702860713005,-0.08614698052406311,-0.1355314999818802,-0.10047278553247452,0.08452176302671432,0.12349029630422592,0.12949427962303162,-0.03946078568696976,-0.07598140835762024,0.13608689606189728,1,tutup37.wav
1029.038642678384,1148.5607452287506,2867.0,11468.0,-0.20007888972759247,0.18045850098133087,6.975446428571428e-05,0.00013950892857142856,0.00020926339285714285,0.00027901785714285713,0.00034877232142857144,0.0004185267857142857,0.00048828125,0.0005580357142857143,0.0006277901785714286,0.0006975446428571429,0.9876767175389309,0.08978970944881448,0.22134672291576862,0.9156892729337214,0.9814358353614807,-0.00015860166945270022,0.1812666819672053,0.0,0.11056927219033241,-1.0,1.9814358353614807,0.26791797112050775,0.18071051636676763,0.26791792417611715,0.07178001409483967,-205.00363159179688,120.53945922851562,14.420138359069824,12.163201332092285,9.817131996154785,0.6885181069374084,-0.5771814584732056,-14.497886657714844,-25.37037467956543,-7.604858875274658,-9.455528259277344,-6.042153835296631,-7.368554592132568,100.943115234375,30.587594985961914,20.414899826049805,14.671357154846191,8.563750267028809,12.054104804992676,8.8425874710083,8.972724914550781,10.273272514343262,5.439157485961914,5.008612632751465,4.2119317054748535,5.360616683959961,-4.789267539978027,-0.8647663593292236,-0.060588110238313675,0.4289780259132385,0.21945731341838837,0.9285162687301636,1.0466877222061157,0.8002098202705383,0.4969644248485565,0.036999594420194626,-0.23277024924755096,0.38509753346443176,0.31890955567359924,1,tutup38.wav
3613.4035985997175,1360.5002371477935,8499.0,33996.0,-0.25596240162849426,0.25677987933158875,2.3531626506024098e-05,4.7063253012048195e-05,7.059487951807229e-05,9.412650602409639e-05,0.00011765813253012048,0.00014118975903614457,0.00016472138554216866,0.00018825301204819278,0.00021178463855421687,0.00023531626506024096,0.9999357186485496,-0.030709055066108715,0.3917369619011879,-0.3466872728369048,1.0,-0.0006724790157037407,0.2279278833562978,0.0012213545851409435,0.19582824409008026,-0.8740164637565613,1.8740164637565613,0.2915977775940207,-0.08615343976482467,0.2915970021617942,0.08502881166974541,-211.08908081054688,135.0156707763672,26.322242736816406,17.61052703857422,-5.90544319152832,-6.8857550621032715,-1.9278689622879028,0.46285679936408997,-8.953871726989746,-6.712316513061523,-4.036265850067139,-4.242349147796631,-8.171326637268066,40.92946243286133,23.147113800048828,16.036218643188477,5.27974796295166,9.52536678314209,9.49046516418457,4.6056623458862305,5.615257263183594,5.656966209411621,5.123083591461182,5.289455890655518,7.090104103088379,6.538730144500732,-0.09023634344339371,0.27278608083724976,-0.05595626309514046,0.03846418485045433,-0.04341021180152893,-0.11974425613880157,-0.16573813557624817,0.15338590741157532,0.14460012316703796,0.20054349303245544,0.035849496722221375,-0.07979175448417664,0.06566270440816879,1,tutup39.wav
1693.2172030234951,1102.3998066480538,4915.0,19660.0,-0.1918191760778427,0.21354568004608154,4.0690104166666664e-05,8.138020833333333e-05,0.0001220703125,0.00016276041666666666,0.00020345052083333334,0.000244140625,0.0002848307291666667,0.0003255208333333333,0.0003662109375,0.0004069010416666667,0.9999665215971602,0.028351989388465837,0.25517879985272884,0.18780741230002196,0.8697308897972107,-0.0002724121404423611,0.19271307964911263,0.016193829476833344,0.13972659409046173,-1.0,1.8697308897972107,0.2624827315611791,-0.6236504165906167,0.2624825902025575,0.06889711015944373,-112.48411560058594,62.06937026977539,28.371492385864258,11.775248527526855,-5.1038947105407715,-2.2317628860473633,-3.176687240600586,-0.8540781140327454,-10.933568000793457,-7.254661560058594,-12.38293170928955,-7.665908336639404,-11.1828031539917,28.774625778198242,25.98651123046875,12.123229026794434,4.977989196777344,7.4097580909729,5.957995414733887,3.992460250854492,4.37777853012085,8.38606071472168,6.578429698944092,5.440160274505615,5.52368688583374,4.66886043548584,-0.9027115106582642,-0.8790608048439026,-0.1733846515417099,0.1958746463060379,0.12081512063741684,0.08773601055145264,0.039712220430374146,0.09399083256721497,0.49521875381469727,0.45160457491874695,0.14925572276115417,0.05520254373550415,0.025332225486636162,1,tutup4.wav
1040.5023823044457,573.8130533509507,5802.0,23211.0,-0.13624383509159088,0.13976745307445526,3.446611980423244e-05,6.893223960846487e-05,0.00010339835941269732,0.00013786447921692975,0.0001723305990211622,0.00020679671882539464,0.00024126283862962707,0.0002757289584338595,0.00031019507823809193,0.0003446611980423244,0.9999674507114821,0.06518050134181985,0.2198805008083582,1.4647859951253839,0.9366918206214905,0.0010746245918880379,0.14218188146901742,0.002976094256155193,0.10984385013580322,-1.0,1.9366918206214905,0.18937285910365903,-0.10832532459804457,0.1893698100201846,0.035860924947080805,30.552085876464844,7.72247838973999,1.2739468812942505,3.6311216354370117,-2.9497928619384766,0.7603394985198975,-5.141073226928711,-1.2905887365341187,-4.333086013793945,1.6173529624938965,-3.7015726566314697,1.151250958442688,-3.363471031188965,13.548230171203613,12.2775239944458,5.572572708129883,4.2122111320495605,4.232298851013184,2.9991414546966553,4.046365261077881,6.045067310333252,4.855126857757568,2.9138176441192627,2.5321054458618164,2.81608247756958,2.7345967292785645,0.21735353767871857,0.009309175424277782,0.025406140834093094,-0.04861031472682953,-0.05403473973274231,0.06717852503061295,0.087745800614357,0.030587321147322655,0.10740922391414642,0.04641588404774666,-0.0929572805762291,-0.002085559070110321,0.04372342303395271,1,tutup40.wav
1819.258196592968,1209.6634312216884,4812.0,19251.0,-0.20853552222251892,0.2252478450536728,4.1555851063829786e-05,8.311170212765957e-05,0.00012466755319148935,0.00016622340425531914,0.00020777925531914894,0.0002493351063829787,0.0002908909574468085,0.0003324468085106383,0.0003740026595744681,0.0004155585106382979,0.9999428965648052,0.037221571803093045,0.27543221414089203,0.12594028809320346,0.8858574032783508,-0.00015698056776594223,0.20142983773335388,0.006088064983487129,0.15776164829730988,-1.0,1.8858574032783508,0.2749560376937902,-0.6224862765635678,0.27495599288135236,0.07560079802137029,-221.04541015625,149.14849853515625,7.413620471954346,22.451766967773438,-9.370115280151367,-6.759754657745361,10.536242485046387,-6.356764316558838,-14.102867126464844,-9.188302040100098,-10.250751495361328,-12.04778003692627,-11.077751159667969,68.37715148925781,25.01644515991211,16.04245376586914,7.164196491241455,14.23316764831543,8.914497375488281,5.336665630340576,6.52746057510376,8.655580520629883,6.297694206237793,5.423833847045898,4.634797096252441,6.01267671585083,-1.5802263021469116,0.4657652676105499,1.00577712059021,0.19039325416088104,-0.44793128967285156,0.5776383876800537,0.1553744226694107,0.30437973141670227,0.4429763853549957,0.08173059672117233,-0.20699776709079742,0.01846015267074108,0.010716058313846588,1,tutup41.wav
1819.4140140671675,1209.767037571154,4812.0,19251.0,-0.20856307446956635,0.22522446513175964,4.1555851063829786e-05,8.311170212765957e-05,0.00012466755319148935,0.00016622340425531914,0.00020777925531914894,0.0002493351063829787,0.0002908909574468085,0.0003324468085106383,0.0003740026595744681,0.0004155585106382979,0.9999771586259221,0.03720075488090524,0.27538496255874634,0.12602725042273377,0.8858195543289185,-0.00019949689175623146,0.20143699824638062,0.0059884777292609215,0.15784067008644342,-1.0,1.8858195543289185,0.27496781228358336,-0.6224582509956821,0.2749677399132671,0.0756072579930101,-221.0442657470703,149.1374969482422,7.445633411407471,22.447656631469727,-9.391236305236816,-6.712902069091797,10.503397941589355,-6.337369918823242,-14.115440368652344,-9.194836616516113,-10.22199535369873,-12.053311347961426,-11.068877220153809,68.39614868164062,25.02814483642578,16.07118034362793,7.150302886962891,14.229308128356934,8.940339088439941,5.3394246101379395,6.543362140655518,8.649116516113281,6.30103874206543,5.435751438140869,4.635329246520996,5.99263858795166,-1.5833324193954468,0.4695889949798584,1.0094406604766846,0.1839687079191208,-0.446387380361557,0.5769631266593933,0.1530175656080246,0.30339205265045166,0.44075238704681396,0.08176814764738083,-0.20433400571346283,0.020845962688326836,0.005678705871105194,1,tutup42.wav
4108.443216294263,2422.5204149883252,5427.0,21708.0,-0.391431599855423,0.3936226963996887,3.685141509433962e-05,7.370283018867924e-05,0.00011055424528301887,0.00014740566037735848,0.00018425707547169813,0.00022110849056603774,0.00025795990566037736,0.00029481132075471697,0.0003316627358490566,0.00036851415094339625,0.9999399484832231,0.052620586752891496,0.5995470508933067,-0.7968904450340113,0.9138556122779846,-0.0003653330651348662,0.31260947080381907,0.0024660740746185184,0.3022196441888809,-1.0,1.9138556122779846,0.38910403024793205,-0.24890834087672598,0.38910385874074177,0.15140181288693513,-188.38111877441406,148.47894287109375,15.017683982849121,12.287262916564941,-11.08861255645752,-1.8823041915893555,0.9424377083778381,-3.829725503921509,-13.345861434936523,-9.948236465454102,-10.210521697998047,-8.411515235900879,-7.368518352508545,57.088356018066406,22.680660247802734,17.313945770263672,7.892538547515869,15.451682090759277,6.950802326202393,7.838090419769287,6.721139907836914,6.083807945251465,4.488900184631348,4.599295616149902,4.1670918464660645,3.5131068229675293,-3.442228078842163,-0.054880671203136444,0.4718877077102661,-0.16201142966747284,-0.0037182525265961885,-0.06116211786866188,0.2650492489337921,0.12103794515132904,0.21671561896800995,0.1487317830324173,-0.20430612564086914,0.048852428793907166,0.07267434149980545,1,tutup43.wav
4000.3861661578417,827.6696708846866,15466.0,61867.0,-0.18970425426959991,0.191035196185112,1.2930923009284402e-05,2.5861846018568805e-05,3.879276902785321e-05,5.172369203713761e-05,6.465461504642202e-05,7.758553805570642e-05,9.051646106499082e-05,0.00010344738407427522,0.00011637830708355962,0.00012930923009284403,0.9999044443365811,0.03982935845851898,0.3050867170095444,0.02999490968204155,0.8905988335609436,-0.00033231627999533045,0.18116886119249792,0.003401379333809018,0.1526242985855788,-1.0,1.8905988335609436,0.2274394106613747,-0.10061035181680386,0.22743916788425758,0.051728575087883505,57.40683364868164,9.69752311706543,5.391920566558838,7.414272785186768,-0.32730332016944885,2.664534091949463,-3.533156633377075,0.3226129412651062,-6.0271148681640625,-1.4335731267929077,-6.454980850219727,-0.9586021304130554,-5.090635776519775,7.276651382446289,6.667863368988037,5.858344078063965,4.16458797454834,3.5404434204101562,2.9681429862976074,2.8155462741851807,3.2565276622772217,3.7027180194854736,3.7337448596954346,3.514603614807129,3.3355517387390137,3.4576308727264404,-0.04033450037240982,-0.014002712443470955,-0.012171933427453041,0.008109161630272865,0.008411495015025139,-0.018709270283579826,-0.040414340794086456,0.03570680692791939,0.020113637670874596,0.04520288109779358,0.04310489073395729,0.02052781544625759,-0.007379886228591204,1,tutup44.wav
578.1190971758555,669.1677316656071,2764.0,11059.0,-0.10818619281053543,0.11385837942361832,7.233796296296296e-05,0.00014467592592592592,0.00021701388888888888,0.00028935185185185184,0.0003616898148148148,0.00043402777777777775,0.0005063657407407407,0.0005787037037037037,0.0006510416666666666,0.0007233796296296296,0.9999789637064057,0.06959004998207097,0.14702595211565495,3.370149910492997,0.9447091817855835,-0.00018018340469063944,0.13364070555184598,0.002082992112264037,0.07347708195447922,-1.0,1.9447091817855835,0.20449928567036274,-0.13642660358617847,0.2044992062909519,0.041819925373629295,-127.47940826416016,56.849361419677734,23.430500030517578,12.062894821166992,-0.8617210388183594,2.816190481185913,-2.93904447555542,-7.4644551277160645,-17.714262008666992,-10.412875175476074,-10.046757698059082,-4.305924892425537,-6.571215629577637,31.41864776611328,21.53339958190918,7.963232517242432,7.800731658935547,7.87349271774292,5.7012739181518555,6.225302219390869,8.362317085266113,8.791969299316406,7.574460029602051,4.325159072875977,3.571552038192749,4.805735111236572,-1.0664576292037964,-0.9645456671714783,-0.38378873467445374,0.32914549112319946,0.47915294766426086,0.20349836349487305,0.27927061915397644,0.5174902081489563,0.8336353302001953,0.8272326588630676,0.24432958662509918,-0.19493389129638672,-0.20313240587711334,1,tutup45.wav
334.345859297214,435.3816024054223,2457.0,9830.0,-0.09403074532747269,0.07975973933935165,8.138020833333333e-05,0.00016276041666666666,0.000244140625,0.0003255208333333333,0.0004069010416666667,0.00048828125,0.0005696614583333334,0.0006510416666666666,0.000732421875,0.0008138020833333334,0.9999880190750132,-0.09355547428131106,0.10779458284378052,4.705761687996566,1.0,-0.00011175870880383391,0.10249339777460426,-0.00036875544174108654,0.05387263372540474,-0.9882826805114746,1.9882826805114746,0.16495191931285502,0.24218076539938488,0.16495188145330636,0.027209123194985637,-236.77085876464844,137.31106567382812,15.400094032287598,6.572163105010986,-20.468738555908203,-21.875864028930664,-7.94558572769165,-14.148479461669922,-6.020361423492432,-3.7978408336639404,-10.574231147766113,-7.921290874481201,-7.764787197113037,116.05335235595703,37.47224044799805,29.36124610900879,21.344911575317383,19.198429107666016,17.300212860107422,7.556410789489746,11.285120964050293,5.867187023162842,6.491293430328369,5.409371376037598,6.197471618652344,7.217403888702393,-4.66200590133667,-1.940316915512085,0.7274510264396667,1.8970838785171509,1.9839004278182983,1.7364970445632935,0.49093571305274963,0.3765566349029541,0.24508219957351685,-0.16848105192184448,0.3519737124443054,-0.2124554067850113,-0.6045262217521667,1,tutup46.wav
3823.6914966334243,1012.646924540839,12083.0,48332.0,-0.22397059202194214,0.21982184052467346,1.6551906779661017e-05,3.3103813559322034e-05,4.9655720338983054e-05,6.620762711864407e-05,8.275953389830508e-05,9.931144067796611e-05,0.00011586334745762712,0.00013241525423728814,0.00014896716101694916,0.00016551906779661016,0.9999478930971115,-0.08045369684696196,0.3530351296067238,-0.29618283718377647,1.0,-0.0006019730275301444,0.2009615910137166,0.0006598647742066532,0.17661632187082432,-0.9644612669944763,1.9644612669944763,0.2515738166154398,-0.0777842078350785,0.25157309640526565,0.06328902283493308,-198.06076049804688,147.5494384765625,16.159395217895508,15.899346351623535,1.8979103565216064,1.5701408386230469,9.651540756225586,-0.3352016806602478,-8.274829864501953,-5.619616985321045,-6.813992023468018,-9.577031135559082,-12.863420486450195,32.41407012939453,21.389450073242188,6.978186130523682,6.302832126617432,8.368865013122559,5.572337627410889,5.149202346801758,5.142255783081055,4.778204917907715,4.911780834197998,3.96079421043396,5.071395397186279,4.059131145477295,-1.1959503889083862,-0.11826056987047195,0.13258031010627747,0.05437634140253067,-0.045171137899160385,0.058335766196250916,0.07846831530332565,0.15326619148254395,0.1681101769208908,0.07052971422672272,-0.08944586664438248,0.027335384860634804,-0.03493602201342583,1,tutup47.wav
4163.387607050826,795.2510202687663,16753.0,67012.0,-0.15692953765392303,0.16248099505901337,1.1938017811522575e-05,2.387603562304515e-05,3.5814053434567724e-05,4.77520712460903e-05,5.969008905761287e-05,7.162810686913545e-05,8.356612468065803e-05,9.55041424921806e-05,0.00010744216030370318,0.00011938017811522575,0.9999343025233199,0.08315009474754342,0.24727273918688297,1.3329203280363702,0.969363808631897,-7.721900497279588e-05,0.16587413638458448,0.0016587817808613181,0.12364063784480095,-1.0,1.969363808631897,0.22294078902086337,-0.18395450868445684,0.2229407756478621,0.04970258944647039,-0.9458150863647461,20.618797302246094,11.501344680786133,9.622767448425293,-0.3935943841934204,1.729012131690979,-4.152710437774658,-0.851559042930603,-7.340568542480469,-3.8704042434692383,-9.27273178100586,-2.748317003250122,-5.643685817718506,11.081841468811035,12.042919158935547,8.04366683959961,5.283145904541016,3.718686103820801,3.1529314517974854,3.1538076400756836,3.7983314990997314,4.6595635414123535,5.2456889152526855,4.678158760070801,4.2916789054870605,3.618551254272461,0.07616329193115234,0.006530924700200558,-0.012904306873679161,0.03571047633886337,0.035535383969545364,0.0269431434571743,-0.014860321767628193,-0.010291820392012596,-0.03455974534153938,0.013627709820866585,0.022614892572164536,-0.0087777404114604,-0.04173100367188454,1,tutup48.wav
1133.2414416854328,1180.5366929466063,3072.0,12288.0,-0.21317929029464722,0.19477948546409607,6.510416666666667e-05,0.00013020833333333333,0.0001953125,0.00026041666666666666,0.0003255208333333333,0.000390625,0.0004557291666666667,0.0005208333333333333,0.0005859375,0.0006510416666666666,0.9999719114062688,0.08756180703639993,0.24925093539059162,0.7416598081063297,0.9773851037025452,0.00016382968489393098,0.1900141574279348,0.0006645254325121641,0.12383759394288063,-1.0,1.9773851037025452,0.27162242118989743,0.17325000195968676,0.27162237178276827,0.07377871285289639,-122.43932342529297,70.63026428222656,24.741683959960938,14.224518775939941,6.2546772956848145,4.643685817718506,0.5306337475776672,-2.977729320526123,-17.50864028930664,-14.134989738464355,-13.086503982543945,-4.6881537437438965,-8.494213104248047,40.914581298828125,34.370513916015625,17.12937355041504,8.600509643554688,8.383801460266113,6.960238933563232,7.068042755126953,6.228822708129883,10.032438278198242,8.302882194519043,5.047076225280762,3.714707851409912,3.8891642093658447,-2.8871030807495117,-2.4586312770843506,-0.43111416697502136,0.2680244445800781,0.32100769877433777,0.4292554259300232,0.2420150339603424,0.6226115226745605,0.5559958815574646,0.475436270236969,-0.04350610822439194,0.04161451756954193,0.18406879901885986,1,tutup49.wav
915.697019937804,1362.7711207334075,2150.0,8601.0,-0.1675337851047516,0.2327606976032257,9.300595238095238e-05,0.00018601190476190475,0.00027901785714285713,0.0003720238095238095,0.0004650297619047619,0.0005580357142857143,0.0006510416666666666,0.000744047619047619,0.0008370535714285714,0.0009300595238095238,0.9999722211027575,-0.07211804389953613,0.2484534066170454,0.6502178868887034,1.0,-4.8057958046727424e-05,0.20078000212965463,0.0023970315232872963,0.12165473029017448,-0.949305534362793,1.949305534362793,0.291830898692574,-0.34969693764241716,0.29183089473554386,0.08516527112214807,-174.24090576171875,124.74360656738281,6.799568176269531,18.820091247558594,-7.6226301193237305,5.337034702301025,-7.829403400421143,-21.575292587280273,-13.362565040588379,-2.3445794582366943,-5.420228958129883,-3.7576048374176025,-1.4309768676757812,92.50357055664062,14.559738159179688,12.676426887512207,10.695168495178223,15.63487434387207,5.247580528259277,10.831449508666992,11.679877281188965,4.37744665145874,5.191164016723633,3.594935894012451,8.115710258483887,2.7257304191589355,-5.722614765167236,0.718846321105957,0.8971465826034546,-0.6760247945785522,-0.24978958070278168,0.4926961064338684,1.3153648376464844,1.0235425233840942,0.4202670753002167,-0.2372184693813324,-0.2650046646595001,0.4192892014980316,0.15533898770809174,1,tutup5.wav
3065.074330476392,1136.3437979382782,8631.0,34526.0,-0.20727863907814026,0.20228281617164612,2.317067519347514e-05,4.634135038695028e-05,6.951202558042541e-05,9.268270077390056e-05,0.00011585337596737568,0.00013902405116085083,0.00016219472635432597,0.0001853654015478011,0.00020853607674127625,0.00023170675193475137,0.9999668933178487,-0.0422737240791321,0.30949579924345016,0.07949501476471132,1.0,-0.00036799781292886605,0.2050791831894415,0.0011282243067398667,0.15483974665403366,-0.895043134689331,1.895043134689331,0.2664954816790085,0.013666421743181082,0.2664952275988004,0.07101970633293643,20.56172752380371,12.010740280151367,6.933469295501709,7.84359073638916,-1.3411372900009155,0.5213796496391296,-5.976381778717041,-1.522930383682251,-7.0727152824401855,-2.8871428966522217,-7.226151943206787,-1.7455402612686157,-4.725282669067383,11.346586227416992,11.677919387817383,7.404614448547363,4.16015100479126,3.1873505115509033,3.2592790126800537,3.291958808898926,4.790444850921631,5.426783561706543,4.827015399932861,4.550964832305908,3.7137644290924072,3.8209171295166016,0.1463409662246704,0.09106671810150146,-0.019906476140022278,-0.045526862144470215,0.07581763714551926,0.08097168058156967,0.02832179330289364,0.04795070365071297,0.027595307677984238,-0.024913553148508072,-0.03701208904385567,0.02572890929877758,0.07247807830572128,1,tutup50.wav
2591.2946829713787,804.4220121367855,10308.0,41233.0,-0.18085676431655884,0.18158939480781555,1.9401653020837375e-05,3.880330604167475e-05,5.8204959062512126e-05,7.76066120833495e-05,9.700826510418687e-05,0.00011640991812502425,0.00013581157114586162,0.000155213224166699,0.00017461487718753639,0.00019401653020837374,0.9999256331115051,0.08420690596103664,0.2889014184474945,0.27364742172973866,0.9712852835655212,1.2911053396425264e-05,0.1760989426164878,0.0007610229367855936,0.14452893860288896,-1.0,1.9712852835655212,0.224221765923274,0.002851306430250537,0.22422176555155432,0.05027540014705619,45.68842697143555,13.110590934753418,5.617305755615234,5.3307695388793945,-2.5227177143096924,0.833139955997467,-4.13475227355957,2.4217822551727295,-1.8843199014663696,1.4160703420639038,-5.629441738128662,-1.7672792673110962,-6.6596221923828125,9.186589241027832,9.046819686889648,6.079867839813232,3.5452635288238525,2.848231792449951,2.928699016571045,2.605226755142212,3.214789390563965,2.941384792327881,3.3861804008483887,3.8067643642425537,3.7284226417541504,4.249969959259033,0.10975223034620285,-0.02792307361960411,-0.03547901660203934,0.06109195202589035,0.028315545991063118,0.02896822802722454,0.011021926067769527,-0.034168634563684464,-0.06267361342906952,-0.041791170835494995,0.02805263362824917,-0.020777828991413116,-0.011666513048112392,1,tutup51.wav
4110.101654838576,2423.498303940196,5427.0,21708.0,-0.39136040210723877,0.39380112290382385,3.685141509433962e-05,7.370283018867924e-05,0.00011055424528301887,0.00014740566037735848,0.00018425707547169813,0.00022110849056603774,0.00025795990566037736,0.00029481132075471697,0.0003316627358490566,0.00036851415094339625,0.9999549613624172,0.052736866474151656,0.5997015163302422,-0.7968727429764364,0.9140670299530029,-0.00021979068125430097,0.31267236174522794,0.002633657888509333,0.30225566343870014,-1.0,1.914067029953003,0.3891825563439201,-0.24890124312724268,0.3891824942805689,0.15146301385444502,-188.3663787841797,148.48463439941406,15.006091117858887,12.309606552124023,-11.10782527923584,-1.870086908340454,0.9335846900939941,-3.820930004119873,-13.350668907165527,-9.972878456115723,-10.180652618408203,-8.406073570251465,-7.382266998291016,57.1038703918457,22.665491104125977,17.325361251831055,7.883119583129883,15.448108673095703,6.9355292320251465,7.8526153564453125,6.725640773773193,6.073259353637695,4.485884189605713,4.6022748947143555,4.167248725891113,3.5004003047943115,-3.441433906555176,-0.05705868825316429,0.4747660458087921,-0.16463984549045563,-0.001997364917770028,-0.06008055806159973,0.2626306712627411,0.12233751267194748,0.21347931027412415,0.15098822116851807,-0.20287196338176727,0.05233088135719299,0.06744366884231567,1,tutup52.wav
4086.3238512680437,1216.1904354673393,10752.0,43008.0,-0.22878625988960266,0.22893767058849335,1.8601190476190478e-05,3.7202380952380956e-05,5.580357142857143e-05,7.440476190476191e-05,9.300595238095238e-05,0.00011160714285714285,0.00013020833333333333,0.00014880952380952382,0.0001674107142857143,0.00018601190476190475,0.9999313445213515,0.06847098469734192,0.33688999712467194,0.014524271063112604,0.9426745176315308,-0.00020044909572317855,0.20933825216578858,0.00304671423509717,0.16873786598443985,-1.0,1.9426745176315308,0.2756999969257111,-0.11020170639212938,0.27569992405693033,0.07601044812499716,-202.52798461914062,133.1964569091797,36.44636535644531,21.93168830871582,5.197831630706787,-3.1132142543792725,-8.505119323730469,6.132898807525635,-5.200772762298584,3.661618232727051,-11.95653247833252,4.8264265060424805,-9.558188438415527,38.359230041503906,18.908029556274414,18.878477096557617,7.1943230628967285,4.224259853363037,8.229269981384277,5.857165813446045,4.580539703369141,5.036548614501953,3.718231201171875,5.907660007476807,3.430401563644409,4.029827117919922,-1.181304693222046,-0.45434480905532837,-0.3009158670902252,-0.20073437690734863,-0.11148472875356674,0.062075089663267136,-0.029993358999490738,-0.10949502140283585,0.03499356657266617,0.014551997184753418,0.22163011133670807,0.04793652147054672,0.03598681092262268,1,tutup53.wav
1163.02164903179,487.38466172102255,7636.0,30544.0,-0.13728216290473938,0.13494941592216492,2.6191037426992482e-05,5.2382074853984963e-05,7.857311228097745e-05,0.00010476414970796993,0.00013095518713496243,0.0001571462245619549,0.00018333726198894738,0.00020952829941593985,0.00023571933684293236,0.00026191037426992486,0.999958701611631,0.018363937735557556,0.2164124846458435,0.785677449046803,1.0,0.0003094368140152118,0.13473474196853555,-0.001739976229146123,0.10827731597237289,-0.7847928404808044,1.7847928404808044,0.1745300648547239,0.14548966943038663,0.17452979054319714,0.030460647787052268,24.276737213134766,10.361039161682129,4.282511234283447,5.541751861572266,-2.1124231815338135,1.2953627109527588,-4.435825824737549,0.623988687992096,-4.6316237449646,-1.259227991104126,-7.440356254577637,-0.7165015935897827,-3.975156307220459,9.320570945739746,9.776189804077148,6.392498970031738,3.5762252807617188,2.8114891052246094,3.1477537155151367,3.1993088722229004,3.3279526233673096,3.969181537628174,4.549715518951416,4.928753852844238,4.959339141845703,3.971158742904663,0.12339555472135544,-0.07705692201852798,-0.07252229005098343,0.03529227897524834,0.07494460791349411,-0.021044589579105377,0.050489917397499084,0.05487686023116112,0.04629029706120491,-0.008387228474020958,0.015465752221643925,0.03137563541531563,0.012274127453565598,1,tutup54.wav
623.4977420444859,366.6824918294411,5441.0,21765.0,-0.10703883320093155,0.10420665144920349,3.675524681148234e-05,7.351049362296468e-05,0.00011026574043444702,0.00014702098724592936,0.0001837762340574117,0.00022053148086889404,0.00025728672768037637,0.0002940419744918587,0.0003307972213033411,0.0003675524681148234,0.9999650703044861,-0.09640208184719085,0.16860707849264145,4.038332598569931,1.0,-0.0012841683470937702,0.10961949561598043,-0.0010483118239790201,0.08428209996782243,-0.9934583306312561,1.993458330631256,0.1513830023326497,0.06761256621063953,0.15137755549256088,0.02291516430690335,9.99690055847168,2.1144859790802,-1.7934831380844116,3.73459529876709,-0.29621124267578125,3.531698226928711,-2.407975435256958,0.35314127802848816,-4.639634132385254,1.5739930868148804,-3.2938997745513916,0.6091075539588928,-4.326524257659912,10.4493408203125,7.735795497894287,3.7647266387939453,3.448345184326172,4.013917922973633,2.6369314193725586,2.9626657962799072,4.454633712768555,5.10819673538208,3.9090914726257324,3.1241440773010254,4.461567401885986,4.0305399894714355,0.10673266649246216,0.06846398115158081,0.15144556760787964,0.04164862632751465,-0.04765243083238602,0.1397121250629425,0.042645201086997986,-0.10022491216659546,-0.007252200972288847,-0.05813243240118027,-0.03120034746825695,-0.06493692845106125,-0.04093381389975548,1,tutup55.wav
1654.0445243217607,1033.8182112249765,5120.0,20480.0,-0.20001354813575745,0.21463988721370697,3.90625e-05,7.8125e-05,0.0001171875,0.00015625,0.0001953125,0.000234375,0.0002734375,0.0003125,0.0003515625,0.000390625,0.999983994994422,0.006508547067642256,0.32946962118148804,1.1754019498482178,0.8300155401229858,-0.00048521551786869123,0.1906529041512692,0.0007336403941735625,0.16489447245839983,-1.0,1.8300155401229858,0.2541871637815702,-0.4728703666150272,0.2541867006694489,0.06461087879722,-219.2394561767578,146.640625,15.778802871704102,14.248234748840332,-7.11246919631958,-0.06452659517526627,1.2807213068008423,-4.6788225173950195,-14.557682991027832,-8.873653411865234,-8.967756271362305,-7.344393253326416,-7.376692295074463,59.821842193603516,21.550922393798828,16.348608016967773,6.991665840148926,13.089371681213379,5.056387901306152,7.690213680267334,6.987799644470215,6.813765525817871,4.857944488525391,5.189836502075195,3.8654279708862305,3.984833240509033,-4.125320911407471,0.021418029442429543,0.5059905648231506,-0.047296833246946335,0.0012673770543187857,-0.03032195381820202,0.24321238696575165,0.06487435102462769,0.14731371402740479,0.12105299532413483,-0.2545190155506134,0.04509807005524635,0.09277665615081787,1,tutup56.wav
4004.054715032691,906.7281217256111,14131.0,56524.0,-0.19190405309200287,0.2004862129688263,1.4153079710144928e-05,2.8306159420289855e-05,4.245923913043478e-05,5.661231884057971e-05,7.076539855072464e-05,8.491847826086956e-05,9.90715579710145e-05,0.00011322463768115942,0.00012737771739130434,0.00014153079710144928,0.9999174108406813,0.059225746989250094,0.30861979350447655,0.17651017530535107,0.9258649945259094,-0.000458389749654684,0.1853558661690285,0.0023193234810605645,0.15482899046037346,-1.0,1.9258649945259094,0.23805399712174402,-0.15120722095630845,0.23805355579044962,0.05666949542447671,-188.5005340576172,144.0059814453125,14.2763671875,15.91003704071045,2.9678642749786377,1.1331877708435059,6.076889514923096,-2.7717556953430176,-10.317451477050781,-5.676507472991943,-5.246777057647705,-4.419316291809082,-9.421585083007812,31.18976593017578,22.129711151123047,8.237420082092285,7.175467014312744,8.748546600341797,5.641016960144043,5.254819869995117,5.6865620613098145,5.262115478515625,4.6653289794921875,4.0395355224609375,4.354930400848389,3.8803749084472656,-0.619695246219635,0.08354324102401733,0.10970441997051239,0.04727134481072426,-0.00965238455682993,-0.00418769009411335,0.07199324667453766,0.1793159544467926,0.10021614283323288,0.09536886215209961,0.022572318091988564,0.01867957040667534,0.00424698181450367,1,tutup57.wav
818.5246321258642,463.5399466964155,5650.0,22603.0,-0.04880256578326225,0.050463009625673294,3.539321865930488e-05,7.078643731860976e-05,0.00010617965597791463,0.00014157287463721952,0.0001769660932965244,0.00021235931195582927,0.00024775253061513414,0.00028314574927443904,0.0003185389679337439,0.0003539321865930488,0.9999808506329231,0.01188911497592926,0.07637458946555853,7.359988102864147,0.8397983908653259,3.3970126302061734e-05,0.09250612123404953,0.0007027836982160807,0.038205835968256,-1.0,1.839798390865326,0.17020640787836924,-0.5295756279586121,0.17020640448845725,0.02897022012888832,-79.8590087890625,18.647069931030273,6.289727210998535,4.941354274749756,-3.3629798889160156,2.137338638305664,-4.253495216369629,-2.448631525039673,-7.474974155426025,-0.010535632260143757,-4.454257011413574,0.4043433964252472,-4.1484527587890625,26.96868324279785,25.639680862426758,10.773642539978027,5.071753978729248,4.451750755310059,3.727853298187256,4.256205081939697,6.709542751312256,7.424923419952393,5.005019187927246,3.669673204421997,3.8256032466888428,3.640458345413208,0.06212282180786133,-0.12164042890071869,-0.09131325036287308,-0.04858779162168503,-0.10248509794473648,0.0009004707681015134,0.04449980705976486,-0.07086320966482162,-0.0434894785284996,0.11745848506689072,0.006162166595458984,-0.023744553327560425,0.009536979719996452,1,tutup58.wav
686.4615893691944,794.5732062437321,2764.0,11059.0,-0.11555667966604233,0.10785596817731857,7.233796296296296e-05,0.00014467592592592592,0.00021701388888888888,0.00028935185185185184,0.0003616898148148148,0.00043402777777777775,0.0005063657407407407,0.0005787037037037037,0.0006510416666666666,0.0007233796296296296,1.0,-0.07689203619956969,0.1430594064295292,2.8629243786642053,1.0,-0.0004588036543031995,0.14331480462451085,-0.001458754064515233,0.07154618948698044,-0.957985520362854,1.957985520362854,0.2228390294075198,0.3354757540770558,0.2228385570912096,0.049657022526492275,-211.98983764648438,137.07997131347656,30.16986083984375,18.90988540649414,4.489327430725098,1.2732579708099365,-2.218251943588257,11.430519104003906,-10.384012222290039,-4.823184490203857,-18.77777671813965,-6.150727272033691,-1.782555341720581,80.95475006103516,21.443239212036133,13.158221244812012,7.693070888519287,12.94208812713623,9.173744201660156,5.992795467376709,10.025814056396484,9.498000144958496,4.754133224487305,9.974320411682129,5.8011980056762695,8.668197631835938,-6.252397060394287,0.47351497411727905,-0.0625757947564125,0.4585529863834381,0.5211772322654724,0.39473968744277954,0.6449912786483765,-0.23373807966709137,0.3997163474559784,0.18841366469860077,1.0175437927246094,0.40419504046440125,0.6442941427230835,1,tutup59.wav
371.1345746738137,463.9544647848284,2560.0,10240.0,-0.09250777214765549,0.0943755954504013,7.8125e-05,0.00015625,0.000234375,0.0003125,0.000390625,0.00046875,0.000546875,0.000625,0.000703125,0.00078125,0.9999885479590355,-0.06562837660312654,0.11963063012808561,3.6611939441677936,1.0,-0.0001459585345305503,0.10828464022952662,0.00015908274508547038,0.05977274682663847,-0.9375061392784119,1.9375061392784119,0.17027885554698707,0.011958365365470453,0.17027879299107654,0.028994867342497895,-226.38900756835938,139.38548278808594,7.6277265548706055,6.911506652832031,-25.584861755371094,-18.04901123046875,-8.620645523071289,-11.933300018310547,-4.06251335144043,-6.9028730392456055,-12.482123374938965,-7.269468307495117,-2.6896204948425293,116.18878936767578,33.52910232543945,28.29828643798828,25.928184509277344,22.769031524658203,13.564990043640137,5.902715682983398,9.03561019897461,10.436914443969727,4.233112812042236,5.219714641571045,6.644925594329834,8.793746948242188,-5.89652156829834,-1.983680009841919,1.496651291847229,1.8286101818084717,2.380197286605835,1.4815641641616821,0.08525138348340988,0.45796674489974976,0.04534434527158737,-0.05443970859050751,0.2516714334487915,-0.6123340725898743,-0.9584711790084839,1,tutup6.wav
861.2029001307137,511.00487306105765,5393.0,21572.0,-0.08048728853464127,0.08484772592782974,3.7083735073796635e-05,7.416747014759327e-05,0.0001112512052213899,0.00014833494029518654,0.00018541867536898317,0.0002225024104427798,0.00025958614551657645,0.0002966698805903731,0.0003337536156641697,0.00037083735073796634,0.9999899221134234,0.05372680127620688,0.12523298989981413,4.279842129998739,0.9158669114112854,0.0005982869796981716,0.11432306864914044,0.0005767669936176389,0.06280220407643355,-1.0,1.9158669114112854,0.17870819844996683,-0.09913658886095346,0.17870719696174145,0.03193626224592265,-43.357913970947266,18.134002685546875,8.330042839050293,8.568406105041504,0.5466433167457581,3.1388511657714844,-4.443422317504883,-2.1192686557769775,-9.587226867675781,-3.1168909072875977,-6.6030354499816895,-0.22856293618679047,-3.9107632637023926,19.999940872192383,20.201929092407227,11.444513320922852,6.275811195373535,5.070529937744141,4.559158802032471,4.540597915649414,5.831644058227539,7.535701274871826,7.707055568695068,6.013559818267822,4.607478618621826,5.1201395988464355,0.18114599585533142,-0.045300643891096115,-0.052179351449012756,0.01892074942588806,0.04649374261498451,0.053895775228738785,-0.08584502339363098,0.02711237221956253,0.1818692982196808,0.04184588044881821,0.0030858763493597507,-0.03146449849009514,-0.013002348132431507,1,tutup60.wav
2532.466111341278,452.3674561409866,17914.0,71658.0,-0.13822385668754578,0.13810254633426666,1.1164078461143426e-05,2.232815692228685e-05,3.3492235383430274e-05,4.46563138445737e-05,5.5820392305717125e-05,6.698447076686055e-05,7.814854922800398e-05,8.93126276891474e-05,0.00010047670615029082,0.00011164078461143425,0.9998963351322931,-0.08293923735618591,0.22068281471729279,0.39360034661296295,1.0,-0.00012235240558722269,0.1325400773775386,0.0014993923250585794,0.11040123575367033,-0.9689804315567017,1.9689804315567017,0.16814473041758046,-0.04520744886789532,0.16814468590202208,0.02827263539708966,19.997804641723633,13.447196006774902,7.555343151092529,8.59074878692627,0.3625284731388092,2.874140501022339,-3.7033259868621826,-0.06702620536088943,-5.422425270080566,-1.5465433597564697,-7.046767711639404,-1.6277050971984863,-5.304119110107422,7.682946681976318,8.361377716064453,6.295740604400635,4.178719520568848,3.2686471939086914,2.8405263423919678,2.7538156509399414,3.1515190601348877,3.400508403778076,3.3894691467285156,4.055990219116211,3.468883514404297,3.592512369155884,0.030829936265945435,-0.04495718330144882,-0.009761865250766277,0.020671365782618523,0.014754566363990307,0.010339685715734959,0.0015469543868675828,-0.02422686479985714,-0.03010776825249195,-0.0011233112309128046,0.017369216307997704,0.021821359172463417,-0.017618732526898384,1,tutup61.wav
886.4747817982723,1026.0867039551729,2764.0,11059.0,-0.1540624499320984,0.15491130948066711,7.233796296296296e-05,0.00014467592592592592,0.00021701388888888888,0.00028935185185185184,0.0003616898148148148,0.00043402777777777775,0.0005063657407407407,0.0005787037037037037,0.0006510416666666666,0.0007233796296296296,1.0,-0.08040770292282107,0.1878272444009781,1.5291268535812712,1.0,-0.0001430252341201968,0.1677056034065113,-0.0005176716367714107,0.0951672627707012,-0.9643776416778564,1.9643776416778564,0.25323068521276026,0.2621331128445898,0.2532306448222776,0.0641257594771065,-231.2295379638672,134.38552856445312,17.167234420776367,17.369935989379883,16.28829002380371,0.26384463906288147,8.078633308410645,-7.178375244140625,-20.274194717407227,-18.1762638092041,-11.388689041137695,-6.877542972564697,-12.406669616699219,84.47830963134766,28.74140739440918,21.614139556884766,11.397478103637695,10.496712684631348,11.257246971130371,7.50347375869751,7.502981662750244,8.351284980773926,8.359604835510254,5.76630163192749,5.411970138549805,4.52859354019165,-7.966346263885498,-1.072178602218628,0.4786286950111389,0.6006321907043457,-0.08925889432430267,0.8566128611564636,0.452980101108551,0.6930381655693054,0.6227602362632751,0.429575115442276,-0.12482654303312302,-0.32737186551094055,0.3399295210838318,1,tutup62.wav
811.456708555954,458.06192975216146,5669.0,22676.0,-0.05979350954294205,0.06347184628248215,3.5279590756747224e-05,7.055918151349445e-05,0.00010583877227024166,0.0001411183630269889,0.0001763979537837361,0.00021167754454048333,0.0002469571352972306,0.0002822367260539778,0.000317516316810725,0.0003527959075674722,0.9999809180977914,-0.04541921615600586,0.09591558575630188,5.52524727890224,0.7356014251708984,-0.00034840879082240623,0.09849197102684122,0.0013374342815950513,0.04797134094405919,-1.0,1.7356014251708984,0.16919769677708724,-0.5318500514958643,0.16919733805821424,0.02862773920598563,-58.56901931762695,14.697665214538574,4.651562690734863,4.909002780914307,-1.814513921737671,2.611327648162842,-3.895601987838745,-1.5670442581176758,-7.0415143966674805,-1.184814214706421,-4.9437971115112305,0.7763503789901733,-3.4448845386505127,22.31212043762207,21.75599479675293,10.367040634155273,4.908212661743164,5.258059501647949,3.4141743183135986,3.485447406768799,6.388631343841553,7.305380344390869,4.842060565948486,4.163430690765381,4.259870529174805,3.8397867679595947,0.08677586168050766,0.01847095414996147,0.015339195728302002,0.0739959329366684,0.04548465460538864,0.026607464998960495,-0.12803947925567627,-0.037987563759088516,-0.02325214445590973,-0.004469494801014662,-0.018141360953450203,-0.003572693793103099,0.0026997369714081287,1,tutup63.wav
576.4307620908334,667.2134987667897,2764.0,11059.0,-0.10780374705791473,0.11441044509410858,7.233796296296296e-05,0.00014467592592592592,0.00021701388888888888,0.00028935185185185184,0.0003616898148148148,0.00043402777777777775,0.0005063657407407407,0.0005787037037037037,0.0006510416666666666,0.0007233796296296296,0.9983108244097028,0.0649387955665588,0.14190419390797615,3.425960680898773,0.9362523555755615,-0.0001812815394817171,0.13188638847563694,0.0011020327801816165,0.07210894301533699,-1.0,1.9362523555755615,0.20420045817490032,-0.14235325254651754,0.20420037770739471,0.04169779425584266,-237.61509704589844,133.9390106201172,20.98469352722168,9.887286186218262,1.7549495697021484,-1.7796812057495117,3.3063347339630127,-12.313183784484863,-19.40396499633789,-13.54430866241455,-7.32544469833374,-1.8450530767440796,-12.955689430236816,80.11790466308594,22.576820373535156,16.138450622558594,10.167031288146973,14.524325370788574,6.141583442687988,7.524412631988525,10.124655723571777,10.546680450439453,8.169390678405762,4.986603736877441,4.945067405700684,6.530511856079102,-5.348249912261963,0.6803008317947388,0.7228315472602844,0.7439525723457336,0.3315381407737732,0.5982362627983093,0.1728210747241974,0.42431068420410156,0.8729528784751892,0.6677476763725281,0.3401543200016022,-0.2555035650730133,0.11900877952575684,1,tutup64.wav
480.7974202743202,653.3128428355943,2355.0,9420.0,-0.12175168842077255,0.12094999849796295,8.491847826086956e-05,0.00016983695652173913,0.0002547554347826087,0.00033967391304347825,0.0004245923913043478,0.0005095108695652174,0.000594429347826087,0.0006793478260869565,0.0007642663043478261,0.0008491847826086956,0.9980859410291748,-0.027610480785369873,0.1447089035063982,2.2978956172391465,1.0,3.399033839342819e-05,0.1301286666655564,-7.22649107220974e-10,0.072396431840899,-0.8683826923370361,1.8683826923370361,0.20206084549324993,0.06112407946229286,0.2020608426343509,0.04082858412610392,-222.52745056152344,132.1666259765625,21.73560905456543,10.366680145263672,-16.409738540649414,-20.225875854492188,-10.14269733428955,-8.82187557220459,-7.085801601409912,-1.9058481454849243,-9.270622253417969,-7.14129114151001,-7.010934829711914,128.2382354736328,33.25045394897461,27.021804809570312,17.898569107055664,18.94717025756836,16.34998321533203,9.928564071655273,8.430680274963379,4.876649856567383,5.573718070983887,4.602838039398193,6.054384708404541,4.325455665588379,-6.714588642120361,-1.6217180490493774,0.5009048581123352,1.9512428045272827,2.1552257537841797,1.6045738458633423,0.7411746978759766,0.4332590103149414,0.09858960658311844,-0.016412943601608276,0.5177150964736938,-0.0933014526963234,-0.46295151114463806,1,tutup65.wav
460.8101729514075,533.3836914723663,2764.0,11059.0,-0.08127439022064209,0.08308872580528259,7.233796296296296e-05,0.00014467592592592592,0.00021701388888888888,0.00028935185185185184,0.0003616898148148148,0.00043402777777777775,0.0005063657407407407,0.0005787037037037037,0.0006510416666666666,0.0007233796296296296,1.0,0.022482213377952587,0.10845858417451382,5.077646804076949,1.0,-0.00011240893402810184,0.11128302665439517,-0.0013639716198667884,0.054408617317676544,-0.7773050665855408,1.7773050665855408,0.18257620114329104,0.3217707680010859,0.1825761665391927,0.033334056588147025,-274.28387451171875,132.61862182617188,30.974624633789062,12.725447654724121,4.524624347686768,-0.8134393692016602,3.330949068069458,-3.3314688205718994,-18.105243682861328,-14.03656005859375,-15.233678817749023,-0.2886638939380646,-14.168675422668457,70.26168060302734,21.600421905517578,16.595964431762695,9.302443504333496,12.67377758026123,8.261737823486328,5.661620140075684,10.259041786193848,10.486042022705078,8.778617858886719,7.831423759460449,7.691375732421875,7.489823341369629,-4.430122375488281,-0.0629243478178978,0.6860895156860352,0.7718166708946228,0.3438694179058075,0.5955609083175659,0.3581153452396393,0.10199973732233047,0.99102783203125,0.731360137462616,0.8325420022010803,-0.37355634570121765,0.16626659035682678,1,tutup66.wav
503.10799389872125,604.7425364269807,2662.0,10649.0,-0.10289068520069122,0.09050146490335464,7.512019230769231e-05,0.00015024038461538462,0.00022536057692307694,0.00030048076923076925,0.00037560096153846156,0.00045072115384615387,0.0005258413461538461,0.0006009615384615385,0.0006760817307692308,0.0007512019230769231,1.0000000000000004,0.09329121410846719,0.11611303221434355,3.6669724717599586,0.9878022074699402,-8.58292293686767e-05,0.11996593775192602,-0.0003575106675270945,0.05818594992160797,-1.0,1.9878022074699402,0.1944056821525781,0.26334512105211566,0.19440566320596891,0.03779356188655262,-244.05531311035156,136.11119079589844,23.02883529663086,12.73841381072998,-13.508416175842285,-24.816675186157227,-9.714178085327148,-11.54332447052002,-8.911809921264648,-0.28193336725234985,-7.039076805114746,-4.674254894256592,-8.485947608947754,111.47193908691406,38.76936340332031,31.465452194213867,17.348302841186523,18.864973068237305,21.35784149169922,10.151616096496582,10.357436180114746,7.228654384613037,7.639168739318848,4.265942096710205,7.593391418457031,6.063823223114014,-0.38698068261146545,-0.41709476709365845,-0.20534645020961761,1.3781239986419678,1.3921899795532227,1.4373224973678589,0.23352749645709991,0.22169893980026245,0.4787811040878296,0.2577472925186157,0.06134428828954697,0.29798927903175354,-0.28552505373954773,1,tutup67.wav
1560.3596572997299,658.9530582203837,7577.0,30310.0,-0.16522791981697083,0.16666261851787567,2.6393581081081083e-05,5.2787162162162165e-05,7.918074324324325e-05,0.00010557432432432433,0.0001319679054054054,0.0001583614864864865,0.00018475506756756758,0.00021114864864864866,0.00023754222972972974,0.0002639358108108108,0.9999409984214962,-0.006666269898414567,0.24892572686076164,1.275330133444748,0.806061327457428,-0.0006700871806626397,0.1534591277549178,0.0012913878890685737,0.12454304209677503,-1.0,1.806061327457428,0.20293713098047952,-0.3589872004013122,0.20293602468206237,0.04118303011375862,-245.79122924804688,130.3766326904297,20.277557373046875,13.238627433776855,-7.106879711151123,-3.384876012802124,2.3900721073150635,1.878056287765503,-10.27473258972168,-6.73825216293335,-7.169147968292236,-6.508788108825684,-8.880762100219727,47.18074035644531,19.078317642211914,10.474898338317871,5.928807735443115,8.14755630493164,6.816296577453613,5.4557390213012695,5.769964694976807,5.113134384155273,4.71454381942749,4.839445114135742,3.639941692352295,4.2197160720825195,-1.5857197046279907,0.34499743580818176,0.30092689394950867,0.03258895128965378,-0.10305292904376984,-0.26466289162635803,-0.09234163910150528,0.12564101815223694,0.12392359226942062,0.16374917328357697,-0.014487233012914658,0.09338431060314178,0.17344999313354492,1,tutup68.wav
2142.4385454297844,1217.3378574124276,5632.0,22528.0,-0.21153660118579865,0.22598572075366974,3.5511363636363635e-05,7.102272727272727e-05,0.0001065340909090909,0.00014204545454545454,0.0001775568181818182,0.0002130681818181818,0.00024857954545454543,0.0002840909090909091,0.0003196022727272727,0.0003551136363636364,0.9999327316159612,0.037757501006126404,0.28030503168702126,0.10980592008359302,0.8868318200111389,-0.00010850855677853751,0.20259662767100203,0.00720324763096869,0.15913627296686172,-1.0,1.886831820011139,0.2758276894282353,-0.6208114462065476,0.2758276680850058,0.07608090248121212,-221.6165771484375,138.59873962402344,28.626495361328125,16.689794540405273,10.85401725769043,-19.546476364135742,8.64690113067627,1.833555817604065,-4.2942423820495605,-10.559130668640137,-6.199573993682861,-7.46087121963501,-12.249041557312012,73.0746841430664,22.218061447143555,18.735305786132812,7.755687236785889,7.820313930511475,13.768338203430176,7.074297904968262,5.281209468841553,6.050224781036377,6.912115573883057,6.633209228515625,5.810342788696289,3.8509538173675537,-2.486424684524536,0.19590376317501068,1.0551478862762451,0.45671480894088745,-0.43467170000076294,0.22589482367038727,0.4344773292541504,-0.05470866337418556,0.4009101688861847,0.4046570360660553,0.2323094755411148,-0.1390068084001541,0.13471823930740356,1,tutup69.wav
3922.1172067253938,2451.419012758557,5120.0,20480.0,-0.397830069065094,0.3975755274295807,3.90625e-05,7.8125e-05,0.0001171875,0.00015625,0.0001953125,0.000234375,0.0002734375,0.0003125,0.0003515625,0.000390625,0.9999519849832662,0.053144747018814,0.6087366193532944,-0.8173574965249326,0.9148086309432983,-0.00023599207612672756,0.3158342782723709,0.0026101983385160565,0.3058253824710846,-1.0,1.9148086309432983,0.39141755631002384,-0.24776994823807189,0.39141748516826724,0.15320764769545073,-171.53260803222656,135.92962646484375,15.268963813781738,10.282514572143555,-10.10917854309082,-2.9349403381347656,-0.5305220484733582,-4.996512413024902,-15.731871604919434,-10.730575561523438,-10.659307479858398,-8.723471641540527,-2.394413948059082,59.62269973754883,17.053211212158203,14.61786937713623,9.033675193786621,14.296181678771973,7.9420485496521,7.674320220947266,7.087901592254639,6.068565368652344,3.644707679748535,4.739201545715332,3.913210391998291,3.6569857597351074,-4.430556297302246,-0.30915507674217224,0.28418004512786865,-0.30946290493011475,-0.029840992763638496,0.05107610672712326,0.3241264224052429,0.1734279990196228,0.27801400423049927,0.08142775297164917,-0.12362158298492432,0.23313406109809875,-0.049268197268247604,1,tutup7.wav
2907.258133185713,1714.2483925178333,5427.0,21708.0,-0.3025733232498169,0.3126940131187439,3.685141509433962e-05,7.370283018867924e-05,0.00011055424528301887,0.00014740566037735848,0.00018425707547169813,0.00022110849056603774,0.00025795990566037736,0.00029481132075471697,0.0003316627358490566,0.00036851415094339625,0.9999549613624172,0.007942193746566684,0.48633816838264465,-0.40904046168979713,0.8326221704483032,-0.000540115315362487,0.2591915981617712,0.0010093157761730254,0.2439599186182022,-1.0,1.8326221704483032,0.32731724099475973,-0.2128042593443843,0.32731679536477765,0.10713628452786772,-184.68643188476562,139.53219604492188,6.835082054138184,9.047676086425781,-10.201984405517578,3.6860907077789307,-3.464627981185913,-10.11870002746582,-14.775073051452637,-6.615191459655762,-8.30964183807373,-3.2741775512695312,-0.15575405955314636,55.30328369140625,18.850818634033203,15.082140922546387,12.070257186889648,12.770793914794922,5.251758575439453,8.556719779968262,7.566802024841309,5.669177055358887,6.727072238922119,5.592289924621582,4.522224426269531,6.03798770904541,-2.6802306175231934,-0.07110977172851562,0.32368558645248413,-0.21905097365379333,0.07046379894018173,0.13110123574733734,0.39005088806152344,0.12044411897659302,0.2703454792499542,-0.031124401837587357,0.11688882112503052,0.09365960210561752,-0.03200068324804306,1,tutup70.wav
1818.9590766420486,1209.4645400105048,4812.0,19251.0,-0.20860528945922852,0.22513830661773682,4.1555851063829786e-05,8.311170212765957e-05,0.00012466755319148935,0.00016622340425531914,0.00020777925531914894,0.0002493351063829787,0.0002908909574468085,0.0003324468085106383,0.0003740026595744681,0.0004155585106382979,0.999977158625922,0.037134861946106046,0.27540912479162216,0.12603430154963036,0.8856997489929199,-0.00020921701749346562,0.20141167590224585,0.006010171724483371,0.15776723925955594,-1.0,1.88569974899292,0.27493343281626975,-0.6224562635732616,0.27493335321197016,0.07558834870837793,-221.0354461669922,149.1349334716797,7.440196990966797,22.44972801208496,-9.388813972473145,-6.73992395401001,10.532917976379395,-6.359809875488281,-14.106242179870605,-9.186022758483887,-10.210501670837402,-12.070541381835938,-11.044418334960938,68.3995361328125,24.992490768432617,16.0291748046875,7.1569437980651855,14.215789794921875,8.946383476257324,5.336862564086914,6.549988746643066,8.657217025756836,6.317295551300049,5.434871673583984,4.623749732971191,6.004631519317627,-1.581276535987854,0.46607956290245056,1.0075186491012573,0.18862153589725494,-0.45174312591552734,0.5805089473724365,0.15347163379192352,0.3034648895263672,0.4408264458179474,0.07882416993379593,-0.20503686368465424,0.017181256785988808,0.008330408483743668,1,tutup71.wav
3082.3908169398,1234.9631418814774,7987.0,31948.0,-0.23280088603496552,0.23177288472652435,2.5040064102564102e-05,5.0080128205128203e-05,7.512019230769231e-05,0.00010016025641025641,0.0001252003205128205,0.00015024038461538462,0.00017528044871794872,0.00020032051282051281,0.00022536057692307694,0.000250400641025641,0.9963569658187125,0.06846314966678624,0.3432464189827442,-0.013333135848656585,0.9426602721214294,-0.0002776365081845944,0.21171384876759228,0.002522486844100058,0.1718675121665001,-1.0,1.9426602721214294,0.27781876042723885,-0.10968810063109295,0.2778186217000165,0.07718318656329685,-187.13668823242188,138.3985137939453,17.39232063293457,11.615755081176758,-9.725508689880371,-2.247514486312866,0.8109063506126404,0.6669119596481323,-9.751083374023438,-3.2903528213500977,-5.812695026397705,-6.755850791931152,-11.796670913696289,36.121864318847656,22.09520149230957,14.18410873413086,5.511198043823242,8.968362808227539,6.1450066566467285,5.246053218841553,4.604951858520508,3.80657958984375,3.3072221279144287,4.00126314163208,3.0684003829956055,4.856620788574219,-1.079267144203186,0.10243610292673111,0.22288824617862701,-0.12485737353563309,-0.08595484495162964,-0.1345844566822052,-0.10077239573001862,0.08318017423152924,0.12458629906177521,0.12920038402080536,-0.03965678811073303,-0.07590573281049728,0.13704022765159607,1,tutup72.wav
3605.5365005891713,2125.9843010660306,5427.0,21708.0,-0.3670410215854645,0.34493061900138855,3.685141509433962e-05,7.370283018867924e-05,0.00011055424528301887,0.00014740566037735848,0.00018425707547169813,0.00022110849056603774,0.00025795990566037736,0.00029481132075471697,0.0003316627358490566,0.00036851415094339625,0.9999599656554821,-0.0445315897464752,0.5533807650208473,-0.7549852819806833,1.0,-0.00029890425137736674,0.29188948546169186,0.0029513068730011582,0.2763916082913056,-0.8991483449935913,1.8991483449935913,0.364512170196009,-0.08700527840707212,0.3645120476434939,0.13286903287725274,-221.7242431640625,154.01805114746094,31.324657440185547,26.33000373840332,1.755505919456482,-4.793537616729736,-4.95365047454834,2.2125070095062256,-5.516872882843018,-6.060868263244629,-11.656664848327637,-5.940173625946045,-11.760022163391113,53.03734588623047,23.00940704345703,18.012556076049805,7.564648151397705,11.406161308288574,10.666962623596191,8.28683853149414,8.973052024841309,5.765647888183594,5.949618816375732,8.53487777709961,3.7612056732177734,3.8645849227905273,-3.4055800437927246,-0.0820627212524414,0.2636253237724304,0.1647460013628006,-0.2896881401538849,0.0722719058394432,-0.22714124619960785,0.26536503434181213,-0.028827181085944176,0.3230580687522888,0.23261460661888123,-0.06402241438627243,0.01860174350440502,1,tutup73.wav
4180.276829119841,867.041252588344,15428.0,61713.0,-0.17733116447925568,0.20215019583702087,1.2963106997485158e-05,2.5926213994970316e-05,3.888932099245547e-05,5.185242798994063e-05,6.481553498742579e-05,7.777864198491094e-05,9.07417489823961e-05,0.00010370485597988126,0.00011666796297736641,0.00012963106997485158,0.9999425112077037,-0.03367788195610055,0.27053283154964447,0.08434009113909235,0.7569493055343628,-0.0004454887846845129,0.17721858451323355,0.006526906508952379,0.13609243603423238,-1.0,1.7569493055343628,0.2327861160271129,-0.3262926401864874,0.23278568975504316,0.05418917735473121,-47.15930938720703,35.6789436340332,19.879724502563477,12.343536376953125,1.4055503606796265,3.2113630771636963,-3.120527744293213,0.686946451663971,-6.469828128814697,-2.931957960128784,-9.0333251953125,-4.125610828399658,-8.229508399963379,16.92066192626953,18.741676330566406,11.429539680480957,6.292640209197998,4.511749267578125,3.5889673233032227,2.9361631870269775,3.3028666973114014,4.406998634338379,4.383040428161621,4.7594194412231445,4.390786647796631,4.040792942047119,0.0638820081949234,-0.002566760638728738,-0.01855740323662758,-0.01828465238213539,0.007683150935918093,0.004475724883377552,0.017626570537686348,-0.002707176608964801,-0.009753737598657608,0.03953075408935547,0.03379214182496071,0.011728021316230297,0.02595839649438858,1,tutup74.wav
361.4457426093058,1027.0168498932503,1126.0,4505.0,-0.117073655128479,0.12590068578720093,0.0001775568181818182,0.0003551136363636364,0.0005326704545454545,0.0007102272727272727,0.0008877840909090909,0.001065340909090909,0.0012428977272727273,0.0014204545454545455,0.0015980113636363637,0.0017755681818181818,0.9991341944926495,0.017925563454628035,0.14120739698410034,1.670735422388809,0.8507737517356873,4.454350888650998e-05,0.1605404810098247,6.117608641886818e-10,0.07052614912390709,-1.0,1.8507737517356873,0.2533321061434432,-0.16432179908156216,0.2533321022273896,0.06417715401894858,-212.3184051513672,130.64881896972656,-9.387259483337402,32.95774459838867,14.881608009338379,-5.397483825683594,1.2497972249984741,-19.352994918823242,-14.526657104492188,-2.0226919651031494,-6.995909214019775,-13.303078651428223,-4.338901996612549,118.02406311035156,23.225650787353516,30.474246978759766,10.997451782226562,8.303729057312012,11.76002311706543,13.694984436035156,15.239605903625488,8.101218223571777,7.083803653717041,6.161858081817627,8.927711486816406,3.7916882038116455,-28.127479553222656,1.3953367471694946,8.362823486328125,-3.212625741958618,-0.23857371509075165,3.0585129261016846,2.780133008956909,3.370216131210327,0.775337278842926,-1.2286109924316406,1.599945068359375,2.539604663848877,0.039454907178878784,1,tutup75.wav
1073.247709830949,636.824155657155,5393.0,21572.0,-0.08178631216287613,0.08117619156837463,3.7083735073796635e-05,7.416747014759327e-05,0.0001112512052213899,0.00014833494029518654,0.00018541867536898317,0.0002225024104427798,0.00025958614551657645,0.0002966698805903731,0.0003337536156641697,0.00037083735073796634,0.9999949610567118,0.06947472095489493,0.12147773057222366,3.02186652733913,0.9444994926452637,-5.49357416471824e-05,0.12659573938925264,0.0006773086788598448,0.06072449870407581,-1.0,1.9444994926452637,0.19949945799407545,0.19697842198513554,0.19949945043030612,0.03980003072199417,-49.033409118652344,20.816238403320312,9.47155475616455,8.649861335754395,1.026510238647461,3.421736717224121,-2.9368245601654053,-0.680057168006897,-8.921029090881348,-5.574803829193115,-8.42923641204834,-0.8572647571563721,-5.468001365661621,21.83224105834961,23.45543670654297,13.461695671081543,7.59972620010376,5.545052528381348,4.442683696746826,3.619126796722412,4.614093780517578,7.972482204437256,8.451239585876465,6.7342305183410645,5.034077167510986,4.205367088317871,0.25623300671577454,0.07648520916700363,0.0949898362159729,0.15037906169891357,0.0671488419175148,0.03865259513258934,0.03014521114528179,0.0004661218263208866,-0.07738074660301208,-0.0108497254550457,-0.11283845454454422,0.04988975077867508,0.07992193847894669,1,tutup76.wav
613.8508527385773,243.8516682925053,8055.0,32222.0,-0.0449555478990078,0.047270238399505615,2.482744922786633e-05,4.965489845573266e-05,7.448234768359899e-05,9.930979691146532e-05,0.00012413724613933165,0.00014896469536719798,0.0001737921445950643,0.00019861959382293064,0.00022344704305079697,0.0002482744922786633,0.9999545573271036,0.08777915537357339,0.07138253003358841,12.372927803843993,0.977780282497406,1.0601819706058426e-05,0.06853853083185356,0.0006409128254745156,0.03568888083100319,-1.0,1.977780282497406,0.12345181602491508,-0.2047639865901233,0.12345181556968249,0.015240350767450901,-83.49837493896484,10.90291690826416,3.1526923179626465,5.431442737579346,-0.977281391620636,2.7041501998901367,-3.46148681640625,-0.22057421505451202,-6.56928825378418,-2.37882399559021,-5.447781085968018,0.743201732635498,-3.6443183422088623,18.252214431762695,19.005836486816406,10.252068519592285,5.996164798736572,4.263929843902588,3.3085246086120605,4.10421085357666,5.813937664031982,7.222237586975098,6.154111385345459,4.1896257400512695,3.4983112812042236,3.6692631244659424,0.1289263367652893,-0.0059326449409127235,0.019418321549892426,0.06235843896865845,0.04855422303080559,-0.023301323875784874,-0.0702003687620163,-0.007599712815135717,0.012687651440501213,0.00968481320887804,0.033988773822784424,0.05038462206721306,-0.016806883737444878,1,tutup77.wav
345.29928132851757,981.1380751653846,1126.0,4505.0,-0.10885646194219589,0.10076913982629776,0.0001775568181818182,0.0003551136363636364,0.0005326704545454545,0.0007102272727272727,0.0008877840909090909,0.001065340909090909,0.0012428977272727273,0.0014204545454545455,0.0015980113636363637,0.0017755681818181818,1.0000000000000002,-0.04765966832637786,0.13249398581683636,2.562864837546676,1.0,-0.0002020349219502342,0.1529695308718132,-7.19132287940738e-07,0.06616254150867462,-0.9048357605934143,1.9048357605934143,0.2476090501438913,0.21841585542639796,0.24760896771936675,0.0613102008950504,-231.0289764404297,130.94142150878906,-5.742761135101318,27.068994522094727,21.986907958984375,-3.3797290325164795,7.15700101852417,-8.30016803741455,-20.501102447509766,-8.00330638885498,-4.65675163269043,-10.743976593017578,-18.444578170776367,112.36773681640625,28.927583694458008,30.303638458251953,7.676210880279541,9.273427963256836,11.246437072753906,12.587546348571777,11.548189163208008,12.06396198272705,4.645645618438721,3.560750961303711,7.264615535736084,9.408424377441406,-9.405482292175293,5.353518009185791,5.8085713386535645,-1.276182770729065,-2.0577518939971924,0.3778137266635895,3.2326862812042236,3.5446653366088867,1.521003246307373,-0.540385365486145,-0.1325526088476181,2.1572105884552,2.6637051105499268,1,tutup78.wav
2366.913646866804,1008.6458837124824,7509.0,30037.0,-0.19446130096912384,0.2063714563846588,2.6633286281194237e-05,5.326657256238847e-05,7.98998588435827e-05,0.00010653314512477695,0.0001331664314059712,0.0001597997176871654,0.00018643300396835967,0.0002130662902495539,0.00023969957653074812,0.0002663328628119424,0.999964947923562,-0.014651411771774203,0.30847807973623276,0.03352140287073757,0.7915428876876831,0.0005023026392105916,0.19585366338984903,0.007270388305187225,0.15422146767377853,-1.0,1.791542887687683,0.25107506598598966,-0.19234269726264316,0.2510745635302941,0.0630384364519277,25.319881439208984,13.880682945251465,7.548385143280029,7.403252601623535,-1.457636833190918,0.6808569431304932,-5.392428398132324,-1.4976683855056763,-6.7049665451049805,-2.3185839653015137,-6.7894487380981445,-1.1760326623916626,-4.7904510498046875,11.287846565246582,10.62829303741455,7.248816967010498,4.785175323486328,3.715872049331665,2.9402737617492676,4.186421871185303,3.513862371444702,3.346919059753418,4.721651077270508,4.153228759765625,3.7780685424804688,3.499180316925049,-0.012926333583891392,-0.1377752423286438,-0.027443083003163338,-0.044258009642362595,-0.06810300052165985,-0.09305659681558609,-0.0919455885887146,-0.0077035799622535706,-0.03681274503469467,-0.05349200591444969,-0.033067427575588226,0.035460878163576126,0.03856571763753891,1,tutup79.wav
2074.707681875925,1117.8758346527968,5939.0,23756.0,-0.2456364780664444,0.24661457538604736,3.367456896551724e-05,6.734913793103448e-05,0.00010102370689655172,0.00013469827586206896,0.00016837284482758622,0.00020204741379310345,0.0002357219827586207,0.00026939655172413793,0.0003030711206896552,0.00033674568965517244,0.9999864014219793,0.0791743904352189,0.39255720004439354,-0.40050677755710984,0.9621352553367615,-0.0011021155647365519,0.21151689352345207,0.000941742240684107,0.1966472938656807,-1.0,1.9621352553367615,0.2643196680472704,-0.0579237238650833,0.2643173703294984,0.06986367225790122,-162.95970153808594,139.05624389648438,8.178537368774414,10.211328506469727,-14.176591873168945,0.6614259481430054,0.830916702747345,-3.709369659423828,-14.044448852539062,-6.619704246520996,-7.592257022857666,-6.839856147766113,-9.305604934692383,51.970603942871094,17.74802017211914,15.74057674407959,9.969557762145996,15.023951530456543,5.7742695808410645,8.37752628326416,7.710416793823242,5.0319647789001465,5.099155426025391,5.7418365478515625,5.881073951721191,7.178651809692383,-2.9473063945770264,-0.35522058606147766,0.3788590729236603,-0.25456374883651733,0.09575985372066498,-0.014607192948460579,0.27407515048980713,0.3292967975139618,0.184988334774971,-0.020434238016605377,-0.15627418458461761,0.1803884357213974,-0.008860782720148563,1,tutup8.wav
1011.1889184575774,1019.4078946078532,3174.0,12697.0,-0.18621689081192017,0.16513663530349731,6.300403225806451e-05,0.00012600806451612903,0.00018901209677419354,0.00025201612903225806,0.00031502016129032257,0.0003780241935483871,0.0004410282258064516,0.0005040322580645161,0.0005670362903225807,0.0006300403225806451,0.9907947877464457,0.03191667199134829,0.21313851699233055,0.7969948491927532,1.0,-0.0005180709532776576,0.17384371169914545,-0.0002999089629156515,0.10581419616937637,-0.7601515054702759,1.7601515054702759,0.25240637717280157,0.2681469380733746,0.25240584549488143,0.06370871083998596,-210.64706420898438,130.79168701171875,15.259247779846191,14.289741516113281,14.073209762573242,1.8027948141098022,6.5214948654174805,-6.542510986328125,-16.434654235839844,-15.959096908569336,-11.288766860961914,-5.367288112640381,-6.727078437805176,85.80712890625,32.27713394165039,24.09575653076172,12.20032024383545,8.402657508850098,10.335886001586914,9.645801544189453,10.504253387451172,7.533634662628174,8.186369895935059,7.107651233673096,4.911059856414795,5.523393630981445,-2.6860463619232178,0.064613938331604,0.18667754530906677,0.675615668296814,-0.04368928074836731,0.6624893546104431,0.8477483987808228,1.0120675563812256,0.3132297992706299,0.28848040103912354,-0.2952556610107422,-0.08094687014818192,-0.03188882768154144,1,tutup80.wav
576.3975754546944,667.1750855295602,2764.0,11059.0,-0.10783331841230392,0.11443674564361572,7.233796296296296e-05,0.00014467592592592592,0.00021701388888888888,0.00028935185185185184,0.0003616898148148148,0.00043402777777777775,0.0005063657407407407,0.0005787037037037037,0.0006510416666666666,0.0007233796296296296,0.9986233298885908,0.06497629880905142,0.14190304279327393,3.426305472484194,0.9363205432891846,-0.00017367243668173755,0.13187970740173519,0.0011021187528967857,0.07208377122879028,-1.0,1.9363205432891846,0.20419457991137605,-0.1423124744628456,0.20419450605505546,0.04169539630306808,-237.641357421875,133.94337463378906,21.0028076171875,9.872382164001465,1.752020239830017,-1.775521159172058,3.3085734844207764,-12.319360733032227,-19.395540237426758,-13.55045223236084,-7.317922115325928,-1.855649709701538,-12.95996379852295,80.13818359375,22.580202102661133,16.14971160888672,10.167556762695312,14.525198936462402,6.137567043304443,7.524567604064941,10.138011932373047,10.550637245178223,8.160760879516602,4.993313312530518,4.968870162963867,6.526967525482178,-5.349696159362793,0.6781063079833984,0.7259336709976196,0.7448144555091858,0.33129018545150757,0.5980119109153748,0.17288614809513092,0.42491698265075684,0.8723536729812622,0.6642293334007263,0.3421468436717987,-0.2537443935871124,0.12033219635486603,1,tutup81.wav
375.99968846697624,979.3252507686179,1228.0,4915.0,-0.0881635993719101,0.08774007856845856,0.00016276041666666666,0.0003255208333333333,0.00048828125,0.0006510416666666666,0.0008138020833333334,0.0009765625,0.0011393229166666667,0.0013020833333333333,0.00146484375,0.0016276041666666667,0.9999741341435613,-0.07393701672554015,0.10624318290501833,3.1333588343356666,1.0,7.574387592986416e-05,0.1476291681286735,-0.0003223734238417819,0.05310530976566952,-0.9526127576828003,1.9526127576828003,0.24738202432962245,0.042719120589153815,0.24738201273392368,0.061197860224287186,-114.0494384765625,44.16658020019531,8.670740127563477,15.408059120178223,0.2066345363855362,-5.015909671783447,-13.001789093017578,-13.63261890411377,-9.225543975830078,-1.3525079488754272,-13.302140235900879,-1.6104836463928223,-0.2578435242176056,49.77939987182617,21.547380447387695,9.305034637451172,10.072744369506836,5.313481330871582,12.000811576843262,10.490086555480957,9.149083137512207,4.127525329589844,4.656871795654297,8.179056167602539,2.7800076007843018,4.590523719787598,-4.858053207397461,-2.1049540042877197,1.3357985019683838,-1.4565577507019043,0.18689210712909698,2.273756504058838,1.7393662929534912,0.7563867568969727,-0.3629970848560333,0.5679966807365417,1.6308943033218384,-0.10435911267995834,-0.5132473707199097,1,tutup82.wav
3723.139703862835,772.2253440039066,15428.0,61713.0,-0.17832191288471222,0.18380433320999146,1.2963106997485158e-05,2.5926213994970316e-05,3.888932099245547e-05,5.185242798994063e-05,6.481553498742579e-05,7.777864198491094e-05,9.07417489823961e-05,0.00010370485597988126,0.00011666796297736641,0.00012963106997485158,0.9998993946134814,0.0050002872943877286,0.28729143738746643,0.05106814285460537,0.8272732496261597,0.0003811173248248058,0.17396264045864593,0.008290580473840237,0.1436910554766655,-1.0,1.8272732496261597,0.2196894588908606,-0.1881500152536194,0.21968912830939963,0.04826331309734385,31.16585350036621,14.718031883239746,9.273468017578125,10.020716667175293,0.9368423819541931,2.774904251098633,-4.215280055999756,-0.10689906030893326,-6.402568340301514,-1.9324727058410645,-7.182305812835693,-2.347492218017578,-6.440646648406982,8.136941909790039,8.606249809265137,6.437346458435059,4.633453369140625,3.7547781467437744,3.072909116744995,3.0984764099121094,3.103703022003174,3.0419018268585205,3.6695845127105713,3.811682939529419,3.6182637214660645,2.8935515880584717,0.07700858265161514,0.005341037176549435,-0.019047478213906288,0.03467175364494324,0.05003303289413452,-0.0027623744681477547,-0.010687215253710747,-0.013652713038027287,-0.013479442335665226,0.006483453791588545,0.03549796715378761,-0.023904036730527878,-0.013041174039244652,1,tutup83.wav
756.4262005331325,762.5744570934484,3174.0,12697.0,-0.11238697171211243,0.10884556919336319,6.300403225806451e-05,0.00012600806451612903,0.00018901209677419354,0.00025201612903225806,0.00031502016129032257,0.0003780241935483871,0.0004410282258064516,0.0005040322580645161,0.0005670362903225807,0.0006300403225806451,0.999981939760383,0.0761624276638031,0.14648946560919285,3.2575619825447353,0.9566589593887329,-0.0001963571088700367,0.13873657611380136,-0.0004172201151959598,0.07313661527587101,-1.0,1.956658959388733,0.21830689576656678,0.0066702788965838245,0.21830680745941125,0.04765786218312046,-222.15863037109375,130.70703125,20.788652420043945,13.414571762084961,4.240146160125732,-1.5465878248214722,4.0873284339904785,-10.896378517150879,-18.399412155151367,-12.685503005981445,-8.340152740478516,-2.0156192779541016,-13.14385986328125,84.76762390136719,23.55109405517578,16.436609268188477,10.280584335327148,15.591872215270996,6.563045978546143,8.286595344543457,10.112171173095703,9.83293342590332,7.125462532043457,7.024153709411621,6.524691581726074,6.6330976486206055,-4.823485374450684,0.07016211748123169,0.8313668966293335,0.8003880977630615,0.3263757526874542,0.6753066778182983,0.31670722365379333,0.5763133764266968,0.522706925868988,0.37298932671546936,0.5909128785133362,-0.10993890464305878,0.12683027982711792,1,tutup84.wav
623.8505599129436,609.2662490756942,3276.0,13107.0,-0.12207035720348358,0.11654739826917648,6.103515625e-05,0.0001220703125,0.00018310546875,0.000244140625,0.00030517578125,0.0003662109375,0.00042724609375,0.00048828125,0.00054931640625,0.0006103515625,0.9999912806919643,-0.011570993065834034,0.1573331579566002,3.175343657390414,1.0,-0.0001056072035895729,0.12839338919469878,-0.0005572927184402943,0.07910006865859032,-0.8392199873924255,1.8392199873924255,0.1951328173345952,0.2800301444740239,0.19513278875692586,0.03807680524805505,-213.48526000976562,128.56146240234375,14.085771560668945,13.080442428588867,11.047078132629395,-0.8849791288375854,6.759225845336914,-5.719536781311035,-19.350444793701172,-15.55002498626709,-9.55604362487793,-5.567908763885498,-9.369200706481934,81.99520874023438,27.91689682006836,23.058507919311523,11.812508583068848,11.27739429473877,10.057148933410645,9.027568817138672,9.124299049377441,8.11987590789795,7.372847557067871,5.791976451873779,5.6534104347229,6.072199821472168,-5.854825973510742,-0.9299420118331909,0.29313960671424866,0.6930948495864868,-0.14241628348827362,0.5118865966796875,0.6525296568870544,0.7865294218063354,0.32181796431541443,0.46939176321029663,-0.16553199291229248,-0.08138792216777802,0.2889781594276428,1,tutup85.wav
2429.4370472791925,1224.5532166609041,6348.0,25395.0,-0.18151716887950897,0.10879621654748917,3.150201612903226e-05,6.300403225806451e-05,9.450604838709677e-05,0.00012600806451612903,0.00015751008064516129,0.00018901209677419354,0.0002205141129032258,0.00025201612903225806,0.00028351814516129034,0.00031502016129032257,0.9243258224292605,-0.001266583800315857,0.18030370585620403,1.496219024385839,1.0,-0.0002069186267709112,0.17858561418301205,-3.4911894545075484e-05,0.09804023209835577,-0.8204846978187561,1.820484697818756,0.2766444740960094,0.8114228691467644,0.27664439671271046,0.07653212223253954,-270.7149658203125,113.66676330566406,11.164460182189941,11.33987045288086,-1.0301284790039062,0.28717780113220215,7.785368919372559,-5.311225414276123,-16.165449142456055,-5.482032299041748,-7.80478572845459,-3.3299646377563477,-10.710826873779297,117.59088897705078,46.13378143310547,11.528861045837402,11.957551956176758,9.417153358459473,7.157161235809326,7.385152339935303,6.1922926902771,9.825810432434082,4.8549604415893555,5.140742778778076,4.685096263885498,7.924685001373291,1.7916654348373413,1.1748511791229248,0.14659012854099274,-0.5199716091156006,-0.4157857596874237,0.07802131026983261,0.23137882351875305,0.1417376846075058,0.0008389420108869672,0.1272236704826355,-0.23597924411296844,-0.010716907680034637,0.2436044067144394,1,tutup86.wav
401.14060141368265,223.8585896068823,5734.0,22937.0,-0.0599994882941246,0.05915381759405136,3.487723214285714e-05,6.975446428571428e-05,0.00010463169642857142,0.00013950892857142856,0.00017438616071428572,0.00020926339285714285,0.000244140625,0.00027901785714285713,0.0003138950892857143,0.00034877232142857144,0.9999811568062891,0.025472927093505904,0.09424531646072865,10.925419111216062,0.8644962310791016,-0.00014257290264156025,0.07202554275125025,-0.0002588237839518115,0.04711383029643912,-1.0,1.8644962310791016,0.11828217903568711,-0.2219444191747571,0.11828209310964095,0.013990653550397773,-47.84069061279297,4.180099010467529,-1.0323714017868042,5.257071018218994,-0.22655941545963287,2.545440435409546,-2.9683408737182617,0.6062139272689819,-4.4667744636535645,1.3687186241149902,-3.78313946723938,1.0939558744430542,-2.9787495136260986,17.373218536376953,13.333113670349121,5.875982284545898,4.885953903198242,4.904599666595459,3.4880306720733643,4.487081050872803,6.1522746086120605,6.206458568572998,3.333858013153076,3.930713415145874,5.30476713180542,2.7908859252929688,-0.041857119649648666,-0.03426169231534004,-0.053815409541130066,0.10522272437810898,-0.0081514036282897,-0.17724406719207764,-0.056706707924604416,-0.057808004319667816,-0.1316279172897339,-0.03198511153459549,0.13959118723869324,0.0265344325453043,-0.06099676340818405,1,tutup87.wav
2690.610315855358,496.1365109333379,17354.0,69416.0,-0.14750905334949493,0.1454620510339737,1.152458770787475e-05,2.30491754157495e-05,3.457376312362425e-05,4.6098350831499e-05,5.762293853937375e-05,6.91475262472485e-05,8.067211395512325e-05,9.2196701662998e-05,0.00010372128937087275,0.0001152458770787475,0.999894093518385,-0.011984387040138156,0.23420609906315804,0.18498996401129952,0.796392023563385,-0.0010784939756229243,0.13958513349847634,-0.0011164102470502257,0.11713291669730097,-1.0,1.796392023563385,0.17609138131319108,0.007843979197594499,0.17608807859571926,0.031007011423532207,39.590904235839844,8.496894836425781,4.571080684661865,6.751369953155518,-1.128621220588684,1.9833520650863647,-3.804530143737793,-0.0767175555229187,-5.171757221221924,-0.4025138318538666,-4.937175273895264,0.13374806940555573,-3.9473977088928223,5.991632461547852,6.006730556488037,4.765490531921387,3.680955410003662,3.354130744934082,3.4035255908966064,3.383960723876953,3.376746416091919,3.1178553104400635,3.2600629329681396,3.1816160678863525,2.8944168090820312,2.4672114849090576,0.021309392526745796,-0.002418018877506256,0.0008567473269067705,-0.009164874441921711,0.009215153753757477,0.02037297934293747,0.01162197720259428,0.01471771765500307,0.019059019163250923,-0.011773471720516682,-0.028485557064414024,-0.03563685342669487,-0.00437771575525403,1,tutup88.wav
1176.12106500389,609.0341459014253,6179.0,24719.0,-0.12273507565259933,0.1166405975818634,3.2363506909608725e-05,6.472701381921745e-05,9.709052072882618e-05,0.0001294540276384349,0.00016181753454804363,0.00019418104145765236,0.00022654454836726107,0.0002589080552768698,0.00029127156218647853,0.00032363506909608726,0.9999609431793293,-0.035410892963409435,0.186618834733963,2.235874429262327,1.0,-0.0005338920654427201,0.13782837652422783,-0.0012781767873093486,0.09319896239321679,-0.8825652599334717,1.8825652599334717,0.1950984423663853,0.17711000299079294,0.19509771186011438,0.03806311717305221,0.19189515709877014,11.905616760253906,5.80671501159668,7.650033950805664,0.8272386193275452,3.8656420707702637,-2.717467784881592,-0.20211897790431976,-7.513055801391602,-2.7325475215911865,-7.535562992095947,-0.893092155456543,-5.204680919647217,13.907026290893555,14.906662940979004,9.86795711517334,6.257506370544434,4.081060886383057,3.8553507328033447,3.967349052429199,4.532649993896484,7.105491638183594,6.978023052215576,5.701208114624023,4.949918270111084,3.2875454425811768,-0.018074821680784225,0.009565994143486023,0.06501898169517517,0.03985029086470604,0.0753188356757164,0.034600630402565,0.017788048833608627,0.0019184115808457136,-0.07989394664764404,-0.03803356736898422,-0.07557498663663864,-0.011867111548781395,0.021250057965517044,1,tutup89.wav
3650.1929164232574,757.0952756999794,15428.0,61713.0,-0.17796389758586884,0.17951413989067078,1.2963106997485158e-05,2.5926213994970316e-05,3.888932099245547e-05,5.185242798994063e-05,6.481553498742579e-05,7.777864198491094e-05,9.07417489823961e-05,0.00010370485597988126,0.00011666796297736641,0.00012963106997485158,0.9999137668115553,0.031610083580017045,0.2844397686421871,0.12316820566822884,0.8756546974182129,-0.0005417004811998928,0.171935785937692,0.0026240480365231633,0.14243829424958676,-1.0,1.875654697418213,0.2175266451197579,-0.09841020843110335,0.21752597062798215,0.04731754789764575,35.637237548828125,12.852044105529785,8.46214485168457,9.944067001342773,1.4480916261672974,4.117473125457764,-2.586416482925415,0.6832097768783569,-5.494752883911133,-1.5032358169555664,-7.528229713439941,-2.621464729309082,-6.465523719787598,7.535740852355957,7.608097553253174,6.393050193786621,4.3890862464904785,3.324683666229248,3.0085043907165527,2.581148147583008,3.0471622943878174,3.294409990310669,3.5979533195495605,3.754251003265381,3.7039122581481934,3.9040770530700684,0.0892806127667427,0.01389166247099638,0.01441415585577488,-0.00022282505233306438,-0.007042111363261938,0.014648139476776123,-0.01312049850821495,0.010466555133461952,0.05827799066901207,0.07398352771997452,-0.0027870917692780495,-0.02655193582177162,0.02281915955245495,1,tutup9.wav
2713.5635929657083,1367.7666725719475,6348.0,25395.0,-0.1769724041223526,0.20275670289993286,3.150201612903226e-05,6.300403225806451e-05,9.450604838709677e-05,0.00012600806451612903,0.00015751008064516129,0.00018901209677419354,0.0002205141129032258,0.00025201612903225806,0.00028351814516129034,0.00031502016129032257,0.9499145133728729,-0.08737029135227203,0.2793497387319803,0.9895187623028439,1.0,-0.00048694864087718055,0.19881878629830893,0.0,0.14336740970611572,-0.9770368933677673,1.9770368933677673,0.2923742876395947,-0.3814875235315159,0.29237388213344506,0.08548248695378162,-251.40078735351562,107.67183685302734,-0.36252573132514954,9.066935539245605,-2.9634575843811035,7.2730278968811035,-5.584234714508057,-19.776968002319336,-8.16479778289795,-3.755638837814331,-7.431098461151123,-3.8531932830810547,1.6660157442092896,120.01885986328125,41.970577239990234,10.456131935119629,14.925810813903809,8.846020698547363,10.336735725402832,6.938816547393799,10.068268775939941,5.4295573234558105,4.147939205169678,6.179845809936523,6.718587398529053,6.100963115692139,1.7727912664413452,0.9799013733863831,-0.3649876117706299,-0.7776870727539062,-0.07555709034204483,0.3556379973888397,0.18123950064182281,0.05851282179355621,0.025877470150589943,-0.12033114582300186,0.041418954730033875,0.13517150282859802,-0.3031975328922272,1,tutup90.wav
856.354919793549,892.0944538509528,3072.0,12288.0,-0.14138351380825043,0.12899628281593323,6.510416666666667e-05,0.00013020833333333333,0.0001953125,0.00026041666666666666,0.0003255208333333333,0.000390625,0.0004557291666666667,0.0005208333333333333,0.0005859375,0.0006510416666666666,0.9999906371354228,0.01008800864219661,0.16332088969647884,1.644528458748594,0.8365236520767212,-0.00011651308768918881,0.15375290150046855,-6.78797805448994e-05,0.0812320274853846,-1.0,1.8365236520767212,0.23611919325641273,-0.06718792983993149,0.2361191645097017,0.055752259848759575,-244.15660095214844,133.3837890625,22.49197769165039,16.17482566833496,14.062620162963867,3.4263064861297607,4.729706287384033,8.931264877319336,-12.410582542419434,-12.633642196655273,-20.273714065551758,-3.13642954826355,-14.86141300201416,85.45916748046875,30.921491622924805,22.97732162475586,7.587204456329346,11.470979690551758,10.331769943237305,7.785327911376953,7.497367858886719,9.524269104003906,6.926585674285889,9.61324405670166,5.592761516571045,6.763801574707031,-6.558666229248047,-1.4522209167480469,0.151465505361557,0.4947391450405121,0.01613410748541355,0.48243170976638794,0.6556620597839355,0.41514280438423157,1.0161279439926147,0.437010794878006,0.5975249409675598,-0.34865954518318176,0.4735149145126343,1,tutup91.wav
1152.2486461003975,1200.3371533046657,3072.0,12288.0,-0.21544791758060455,0.19464287161827087,6.510416666666667e-05,0.00013020833333333333,0.0001953125,0.00026041666666666666,0.0003255208333333333,0.000390625,0.0004557291666666667,0.0005208333333333333,0.0005859375,0.0006510416666666666,0.9890240904909715,0.08930036425590515,0.2515692748129368,0.7450831926947687,0.9805461168289185,-0.00026349424412648023,0.1894321013234657,0.0,0.1255427449941635,-1.0,1.9805461168289185,0.27389083207942777,0.1767905297337007,0.273890705333249,0.07501611846794462,-208.93057250976562,132.36529541015625,14.350197792053223,13.524511337280273,12.412293434143066,1.647963523864746,7.821585178375244,-5.6708855628967285,-18.928468704223633,-16.716480255126953,-11.006523132324219,-6.47909688949585,-11.716361999511719,87.03514862060547,30.248741149902344,22.133031845092773,12.077539443969727,9.435431480407715,10.681183815002441,8.335012435913086,8.737092018127441,8.565801620483398,7.989503860473633,5.961668491363525,4.477047920227051,4.492828369140625,-6.264102458953857,-1.220011830329895,0.09622625261545181,0.5512204766273499,-0.05506538599729538,0.7284213304519653,0.5784792900085449,0.8100199103355408,0.5319979190826416,0.5323856472969055,-0.12194965034723282,-0.07008789479732513,0.23091323673725128,1,tutup92.wav
4732.031950849909,1079.402238478516,14028.0,56115.0,-0.23888535797595978,0.24274684488773346,1.4256386861313868e-05,2.8512773722627736e-05,4.276916058394161e-05,5.702554744525547e-05,7.128193430656934e-05,8.553832116788322e-05,9.979470802919708e-05,0.00011405109489051095,0.00012830748175182482,0.00014256386861313867,0.9999238385621453,-0.041820183396339417,0.3776257820427418,-0.4781879349545197,0.7421451210975647,-0.0001842996052307226,0.20969076337189488,0.005468468181788921,0.19153913110494614,-1.0,1.7421451210975647,0.25973386019426514,-0.3162739948734315,0.25973379480743275,0.06746164416506958,-183.5082244873047,139.39718627929688,26.705188751220703,15.454167366027832,3.095461130142212,3.699171543121338,-0.26835840940475464,9.18673038482666,-10.497386932373047,-5.5862202644348145,-5.903520107269287,-7.416894435882568,-8.900142669677734,32.74114227294922,19.828065872192383,7.956475734710693,5.783050537109375,7.402027130126953,5.06038761138916,4.02854585647583,3.7974905967712402,4.917159080505371,5.4910173416137695,3.983633041381836,4.487887382507324,3.124857187271118,-1.2099030017852783,-0.11692627519369125,0.07683708518743515,0.0934624895453453,-0.03725993260741234,0.028482668101787567,0.033762913197278976,0.07342251390218735,0.12989072501659393,0.1893920749425888,0.01100178249180317,0.02066032402217388,0.08811236172914505,1,tutup93.wav
517.125808224233,254.21737584378678,6509.0,26038.0,-0.06557255983352661,0.06482132524251938,3.072385400024579e-05,6.144770800049158e-05,9.217156200073738e-05,0.00012289541600098315,0.00015361927000122894,0.00018434312400147476,0.00021506697800172055,0.0002457908320019663,0.0002765146860022121,0.0003072385400024579,0.999959008302198,0.055676379799842746,0.10346496105194092,12.481431537921061,0.9194115996360779,-0.00010743587572038965,0.07678972183891689,-1.1412238791308482e-05,0.05171714164316654,-1.0,1.9194115996360779,0.12604799812627107,-0.2074382263172337,0.12604795234026234,0.015888086289173046,-38.387672424316406,4.534310340881348,0.47568798065185547,4.557939052581787,-1.6374095678329468,2.19840145111084,-3.5726799964904785,0.3308221697807312,-5.153325080871582,1.1725778579711914,-2.978194236755371,1.770829200744629,-2.348522186279297,15.000639915466309,13.079619407653809,5.435635089874268,4.214981555938721,3.46803617477417,2.9563422203063965,3.7539148330688477,5.830982208251953,4.772163391113281,3.0571844577789307,4.4190216064453125,5.377442359924316,2.332937717437744,0.08874061703681946,0.06273137032985687,0.005258344113826752,0.016751309856772423,0.06293134391307831,0.03977604955434799,0.024806087836623192,0.0010810643434524536,0.018992044031620026,0.029500827193260193,-0.05931468307971954,-0.0948718786239624,-0.0652896836400032,1,tutup94.wav
4106.635301283477,851.7670865108778,15428.0,61713.0,-0.19001920521259308,0.19341731071472168,1.2963106997485158e-05,2.5926213994970316e-05,3.888932099245547e-05,5.185242798994063e-05,6.481553498742579e-05,7.777864198491094e-05,9.07417489823961e-05,0.00010370485597988126,0.00011666796297736641,0.00012963106997485158,0.9999217513660411,0.07760607302188882,0.30589133873581886,0.09050180071245162,0.9592837691307068,0.0008962688833993514,0.18299231788456916,0.00415866868570447,0.15283958613872528,-1.0,1.9592837691307068,0.23072657586456616,-0.08310929366734747,0.2307248350574252,0.053233949512276064,59.775146484375,10.875932693481445,5.441503524780273,7.254758358001709,-0.057978495955467224,2.6997971534729004,-3.946887254714966,-0.24825847148895264,-5.951574802398682,-1.8419678211212158,-6.814636707305908,0.012386574409902096,-2.7073020935058594,6.633627891540527,7.071725845336914,5.110562801361084,3.710625171661377,3.152297258377075,2.751391649246216,2.9833953380584717,2.73119854927063,3.098313093185425,3.8833389282226562,3.907876968383789,3.0066792964935303,3.0138652324676514,0.09163500368595123,0.07678179442882538,0.035295214504003525,0.01464095339179039,0.026277007535099983,-0.045691464096307755,-0.045694489032030106,-0.028766976669430733,0.029032984748482704,-0.010906320996582508,0.0047400109469890594,0.004935597535222769,0.03282805532217026,1,tutup95.wav
2557.172488229582,1248.657485020701,6553.0,26214.0,-0.18593895435333252,0.1147446259856224,3.0517578125e-05,6.103515625e-05,9.1552734375e-05,0.0001220703125,0.000152587890625,0.00018310546875,0.000213623046875,0.000244140625,0.000274658203125,0.00030517578125,0.9164583716614623,-0.002553299069404602,0.1896795192733407,1.4093131757629482,1.0,-0.00010380623954324295,0.18207112888353985,-1.5318286639143253e-09,0.1026885941207516,-0.8228241801261902,1.8228241801261902,0.27935409642360165,0.8035130844042794,0.27935407713672544,0.07803870041291154,-258.9844055175781,105.725341796875,15.456290245056152,13.594603538513184,-0.3157811164855957,-1.94733464717865,6.36639928817749,2.831777334213257,-17.611787796020508,-6.673854351043701,-6.936552047729492,-4.999546527862549,-7.336517810821533,118.47615051269531,40.83122634887695,12.081687927246094,10.354158401489258,10.079019546508789,7.014708042144775,6.912193775177002,5.300186634063721,11.102023124694824,5.903641223907471,4.909533977508545,5.115779876708984,6.568009853363037,0.6023857593536377,0.8583272099494934,0.15929816663265228,-0.42196640372276306,-0.4479960501194,0.002473152708262205,0.12278760224580765,0.11855877190828323,0.10006815940141678,0.11260942369699478,-0.19590112566947937,-0.1391611248254776,0.22177375853061676,1,tutup96.wav
2774.7384264666407,1182.4379380883784,7509.0,30037.0,-0.20909513533115387,0.22282953560352325,2.6633286281194237e-05,5.326657256238847e-05,7.98998588435827e-05,0.00010653314512477695,0.0001331664314059712,0.0001597997176871654,0.00018643300396835967,0.0002130662902495539,0.00023969957653074812,0.0002663328628119424,0.9999474218853434,0.062706434726715,0.33266881108283997,0.031387914361347136,0.9321935176849365,0.000563806855292628,0.21177150254692384,0.009817706421017647,0.1662000734359026,-1.0,1.9321935176849365,0.27184628536641153,-0.2006014366363474,0.271845700700501,0.07390008498934639,31.153934478759766,13.588151931762695,7.035020351409912,7.749773025512695,-1.3199360370635986,0.9741424322128296,-5.449716091156006,-0.9046582579612732,-5.846278190612793,-1.3897299766540527,-6.7531232833862305,-2.1554112434387207,-4.9762372970581055,11.732892990112305,11.78808307647705,7.0007100105285645,3.401871919631958,3.4240691661834717,3.4561264514923096,4.210309028625488,4.0372209548950195,5.547476768493652,4.989040374755859,4.533928871154785,3.3982760906219482,3.4332940578460693,0.10846441984176636,0.021893179044127464,-0.012284179218113422,-0.036303821951150894,-0.0936439260840416,0.006940151564776897,0.07013412564992905,0.07938278466463089,0.024603286758065224,-0.16210876405239105,-0.05028105527162552,0.09857863187789917,0.04016216844320297,1,tutup97.wav
3019.3463767197036,892.6869935050956,10823.0,43294.0,-0.19521264731884003,0.18916450440883636,1.8478140359954174e-05,3.695628071990835e-05,5.5434421079862525e-05,7.39125614398167e-05,9.239070179977087e-05,0.00011086884215972505,0.00012934698251967921,0.0001478251228796334,0.00016630326323958757,0.00018478140359954175,0.9999318402220757,-0.07692688405513765,0.30440284311771393,0.20598727715555842,1.0,-0.0005207335142765079,0.18600035134395743,-0.006400460377335548,0.1523507460951805,-0.9580488801002502,1.9580488801002502,0.23620310358745447,0.15363052800744112,0.23620252958203658,0.05579163498095286,50.15667724609375,8.437198638916016,4.164951801300049,6.8678178787231445,-0.8678036332130432,1.7090747356414795,-4.4696855545043945,0.7887587547302246,-4.672858238220215,0.06854239851236343,-5.040460586547852,-1.0695253610610962,-5.199291229248047,7.420376300811768,6.933965682983398,5.324472427368164,3.381730556488037,3.005312204360962,3.4595887660980225,3.517791986465454,3.0515077114105225,3.41316819190979,3.255256414413452,3.47672176361084,3.434929132461548,3.3190863132476807,0.08022315800189972,0.039967797696590424,0.022505229339003563,0.011244715191423893,0.02939688041806221,-0.01129245012998581,0.020844563841819763,0.04911110922694206,-0.032075900584459305,-0.01197283249348402,0.021596059203147888,0.021880723536014557,0.040569107979536057,1,tutup98.wav
469.4084860296573,261.955836087842,5734.0,22937.0,-0.07965296506881714,0.08121687173843384,3.487723214285714e-05,6.975446428571428e-05,0.00010463169642857142,0.00013950892857142856,0.00017438616071428572,0.00020926339285714285,0.000244140625,0.00027901785714285713,0.0003138950892857143,0.00034877232142857144,0.999981156806289,0.09737119972705832,0.12736699171364307,7.334109287003132,0.9952203631401062,-1.2658645708350593e-05,0.08725379802971224,0.0004790652747033164,0.06367484852671623,-1.0,1.9952203631401062,0.12795182193733495,-0.3862120569616993,0.12795182131115665,0.01637166857684216,-17.50898551940918,4.499488353729248,-0.20188455283641815,4.43527364730835,-0.9055590629577637,1.7851141691207886,-3.9881439208984375,0.495521605014801,-3.569878578186035,1.9961903095245361,-3.6492488384246826,2.3197836875915527,-2.098949909210205,15.231657981872559,11.999898910522461,5.614201068878174,5.433203220367432,3.4852559566497803,3.6330084800720215,4.868168830871582,5.439828395843506,3.3486549854278564,2.6511662006378174,4.085323333740234,3.513343095779419,2.816650152206421,0.020252302289009094,-0.012864172458648682,-0.09552319347858429,-0.12483716756105423,-0.04419274255633354,0.020624404773116112,0.014665215276181698,-0.08257216215133667,-0.11733592301607132,0.002164851175621152,0.13633668422698975,0.11850442737340927,0.027905452996492386,1,tutup99.wav
